id.exposure	id.outcome	outcome	exposure	method	nsnp	b	se	pval
cisCRP	Appendicitis.case_regenie	Appendicitis.case_regenie	cisCRP	MR Egger	4	-0.2117080115876101	0.44072268213361776	0.6783775671106047
cisCRP	Appendicitis.case_regenie	Appendicitis.case_regenie	cisCRP	Weighted median	4	-0.2737088196358752	0.09366277177342118	0.0034747930377086915
cisCRP	Appendicitis.case_regenie	Appendicitis.case_regenie	cisCRP	Inverse variance weighted	4	-0.24464565541374572	0.08561334075498848	0.004269056701250887
cisCRP	Appendicitis.case_regenie	Appendicitis.case_regenie	cisCRP	Simple mode	4	-0.3340559524690375	0.13980850206881493	0.0967952431072373
cisCRP	Appendicitis.case_regenie	Appendicitis.case_regenie	cisCRP	Weighted mode	4	-0.2888409745135668	0.11935339357629736	0.09416484932135169
cisCRP	Cellulitis.case_regenie	Cellulitis.case_regenie	cisCRP	MR Egger	4	-0.15704843685965122	0.21260826598285576	0.5370278151480274
cisCRP	Cellulitis.case_regenie	Cellulitis.case_regenie	cisCRP	Weighted median	4	-0.04803457210691029	0.05851345890681266	0.41169472539766283
cisCRP	Cellulitis.case_regenie	Cellulitis.case_regenie	cisCRP	Inverse variance weighted	4	-0.048458310693900365	0.050519501979660396	0.33745795666845135
cisCRP	Cellulitis.case_regenie	Cellulitis.case_regenie	cisCRP	Simple mode	4	-0.022184727365469142	0.0805170879363247	0.8007987308480949
cisCRP	Cellulitis.case_regenie	Cellulitis.case_regenie	cisCRP	Weighted mode	4	-0.05026898861046172	0.07132678906086347	0.5317409480313813
cisCRP	Cholecystitis.case_regenie	Cholecystitis.case_regenie	cisCRP	MR Egger	4	-0.4445137517514609	0.3673146930933178	0.3498318628904169
cisCRP	Cholecystitis.case_regenie	Cholecystitis.case_regenie	cisCRP	Weighted median	4	0.08527265512396277	0.10441710325031009	0.4141261308663301
cisCRP	Cholecystitis.case_regenie	Cholecystitis.case_regenie	cisCRP	Inverse variance weighted	4	0.06264461181301414	0.08711096288080088	0.4720572523661807
cisCRP	Cholecystitis.case_regenie	Cholecystitis.case_regenie	cisCRP	Simple mode	4	0.1163136103361303	0.15382426219758807	0.5045189690884267
cisCRP	Cholecystitis.case_regenie	Cholecystitis.case_regenie	cisCRP	Weighted mode	4	0.13360079885078668	0.13196096223072246	0.38589568806570856
cisCRP	COVID-covid-vs-pop.txt.gz	COVID-covid-vs-pop.txt.gz	cisCRP	MR Egger	4	0.09146923313870031	0.06690790311255165	0.30497304060232044
cisCRP	COVID-covid-vs-pop.txt.gz	COVID-covid-vs-pop.txt.gz	cisCRP	Weighted median	4	-0.020143240831023312	0.019419407859112975	0.2996083241541707
cisCRP	COVID-covid-vs-pop.txt.gz	COVID-covid-vs-pop.txt.gz	cisCRP	Inverse variance weighted	4	-0.02207911884670197	0.015932924247966235	0.16582193059811703
cisCRP	COVID-covid-vs-pop.txt.gz	COVID-covid-vs-pop.txt.gz	cisCRP	Simple mode	4	0.0040354117361007524	0.028764236211207654	0.8973185446797436
cisCRP	COVID-covid-vs-pop.txt.gz	COVID-covid-vs-pop.txt.gz	cisCRP	Weighted mode	4	-0.030708806209228237	0.025099701384832925	0.3084838441730235
cisCRP	COVID-hospital-vs-pop.txt.gz	COVID-hospital-vs-pop.txt.gz	cisCRP	MR Egger	4	0.16537712996466358	0.18615221236264567	0.4680589074160125
cisCRP	COVID-hospital-vs-pop.txt.gz	COVID-hospital-vs-pop.txt.gz	cisCRP	Weighted median	4	-0.03173090645815886	0.04055380717017985	0.4339562428352933
cisCRP	COVID-hospital-vs-pop.txt.gz	COVID-hospital-vs-pop.txt.gz	cisCRP	Inverse variance weighted	4	-0.03151204336385541	0.043586082126223974	0.46968966678291474
cisCRP	COVID-hospital-vs-pop.txt.gz	COVID-hospital-vs-pop.txt.gz	cisCRP	Simple mode	4	-0.10435169576108483	0.07619043568753082	0.26431963632043604
cisCRP	COVID-hospital-vs-pop.txt.gz	COVID-hospital-vs-pop.txt.gz	cisCRP	Weighted mode	4	0.011740294822848996	0.05208455112493526	0.8361439423412204
cisCRP	COVID-vsevere-vs-pop.txt.gz	COVID-vsevere-vs-pop.txt.gz	cisCRP	MR Egger	4	0.10927663955629105	0.2155293926752336	0.6625193577814791
cisCRP	COVID-vsevere-vs-pop.txt.gz	COVID-vsevere-vs-pop.txt.gz	cisCRP	Weighted median	4	0.03027717241652899	0.06158721177761313	0.6229918210289203
cisCRP	COVID-vsevere-vs-pop.txt.gz	COVID-vsevere-vs-pop.txt.gz	cisCRP	Inverse variance weighted	4	-0.0206392227833165	0.049985509999832346	0.6796768658641832
cisCRP	COVID-vsevere-vs-pop.txt.gz	COVID-vsevere-vs-pop.txt.gz	cisCRP	Simple mode	4	0.021282118771180192	0.08469171801792189	0.8178199641793008
cisCRP	COVID-vsevere-vs-pop.txt.gz	COVID-vsevere-vs-pop.txt.gz	cisCRP	Weighted mode	4	0.02746737866929516	0.06816000567324333	0.7139597313731461
cisCRP	Endocarditis.case_regenie	Endocarditis.case_regenie	cisCRP	MR Egger	4	-0.8373949257708472	1.497384216576727	0.632266713245707
cisCRP	Endocarditis.case_regenie	Endocarditis.case_regenie	cisCRP	Weighted median	4	0.036822102529342926	0.22027626747785967	0.8672415791785326
cisCRP	Endocarditis.case_regenie	Endocarditis.case_regenie	cisCRP	Inverse variance weighted	4	0.08963648831791314	0.3186351961290783	0.7784697014319439
cisCRP	Endocarditis.case_regenie	Endocarditis.case_regenie	cisCRP	Simple mode	4	0.06984319713575848	0.43018389674421753	0.8813444457059818
cisCRP	Endocarditis.case_regenie	Endocarditis.case_regenie	cisCRP	Weighted mode	4	-0.05853168569878342	0.27149824160545144	0.843134709464089
cisCRP	finngen_R6_AB1_SEPSIS.gz	finngen_R6_AB1_SEPSIS.gz	cisCRP	MR Egger	4	-0.09635798937097474	0.6687996370705483	0.8986474784483337
cisCRP	finngen_R6_AB1_SEPSIS.gz	finngen_R6_AB1_SEPSIS.gz	cisCRP	Weighted median	4	-0.35962185306812516	0.0744578288115821	1.3662019743122025e-6
cisCRP	finngen_R6_AB1_SEPSIS.gz	finngen_R6_AB1_SEPSIS.gz	cisCRP	Inverse variance weighted	4	-0.2732908327976037	0.13162791109201624	0.03787197109075434
cisCRP	finngen_R6_AB1_SEPSIS.gz	finngen_R6_AB1_SEPSIS.gz	cisCRP	Simple mode	4	-0.36652806298616636	0.0820511894313596	0.020898686266281535
cisCRP	finngen_R6_AB1_SEPSIS.gz	finngen_R6_AB1_SEPSIS.gz	cisCRP	Weighted mode	4	-0.36652806298616636	0.0785930100887037	0.018608465953941354
cisCRP	finngen_R6_AB1_STREPTO_SEPSIS.gz	finngen_R6_AB1_STREPTO_SEPSIS.gz	cisCRP	MR Egger	4	0.4125260155979355	0.7236404474021525	0.6261315037049855
cisCRP	finngen_R6_AB1_STREPTO_SEPSIS.gz	finngen_R6_AB1_STREPTO_SEPSIS.gz	cisCRP	Weighted median	4	-0.44413976148621825	0.17900251097981298	0.013094348456460233
cisCRP	finngen_R6_AB1_STREPTO_SEPSIS.gz	finngen_R6_AB1_STREPTO_SEPSIS.gz	cisCRP	Inverse variance weighted	4	-0.2728241846874584	0.17017113754516525	0.10888296123229657
cisCRP	finngen_R6_AB1_STREPTO_SEPSIS.gz	finngen_R6_AB1_STREPTO_SEPSIS.gz	cisCRP	Simple mode	4	-0.42651640241417366	0.2573227721115812	0.19599463878322226
cisCRP	finngen_R6_AB1_STREPTO_SEPSIS.gz	finngen_R6_AB1_STREPTO_SEPSIS.gz	cisCRP	Weighted mode	4	-0.44751287319210076	0.1950379058106023	0.10552025081018039
cisCRP	finngen_R6_APPENDICITIS_BROAD.gz	finngen_R6_APPENDICITIS_BROAD.gz	cisCRP	MR Egger	4	0.18932381842405258	0.272294639945632	0.5587951021729095
cisCRP	finngen_R6_APPENDICITIS_BROAD.gz	finngen_R6_APPENDICITIS_BROAD.gz	cisCRP	Weighted median	4	-0.02515868139264468	0.04884489038490051	0.6065020497563551
cisCRP	finngen_R6_APPENDICITIS_BROAD.gz	finngen_R6_APPENDICITIS_BROAD.gz	cisCRP	Inverse variance weighted	4	0.0014541840084723791	0.05882547787515313	0.9802780555418235
cisCRP	finngen_R6_APPENDICITIS_BROAD.gz	finngen_R6_APPENDICITIS_BROAD.gz	cisCRP	Simple mode	4	-0.037756155776864586	0.06233187281911386	0.587451398059784
cisCRP	finngen_R6_APPENDICITIS_BROAD.gz	finngen_R6_APPENDICITIS_BROAD.gz	cisCRP	Weighted mode	4	-0.02920010939953971	0.051974608009569205	0.6134812060250785
cisCRP	finngen_R6_I9_ENDOCARD.gz	finngen_R6_I9_ENDOCARD.gz	cisCRP	MR Egger	4	0.9555584495333567	0.948987042886848	0.41999364425534247
cisCRP	finngen_R6_I9_ENDOCARD.gz	finngen_R6_I9_ENDOCARD.gz	cisCRP	Weighted median	4	-0.06938988931630799	0.26854811163786096	0.7961066726970525
cisCRP	finngen_R6_I9_ENDOCARD.gz	finngen_R6_I9_ENDOCARD.gz	cisCRP	Inverse variance weighted	4	-0.19933964849721855	0.2248637237297016	0.37535304688773913
cisCRP	finngen_R6_I9_ENDOCARD.gz	finngen_R6_I9_ENDOCARD.gz	cisCRP	Simple mode	4	-0.0024130514250160218	0.3801516673836895	0.9953338866947007
cisCRP	finngen_R6_I9_ENDOCARD.gz	finngen_R6_I9_ENDOCARD.gz	cisCRP	Weighted mode	4	-0.04565288983432858	0.336011632459261	0.9005309247992794
cisCRP	finngen_R6_J10_ACUTELOWERNAS.gz	finngen_R6_J10_ACUTELOWERNAS.gz	cisCRP	MR Egger	4	-0.003887935033048391	0.4301813363088638	0.9936093715474665
cisCRP	finngen_R6_J10_ACUTELOWERNAS.gz	finngen_R6_J10_ACUTELOWERNAS.gz	cisCRP	Weighted median	4	-0.1875219610196855	0.11912938974665205	0.1154635785323353
cisCRP	finngen_R6_J10_ACUTELOWERNAS.gz	finngen_R6_J10_ACUTELOWERNAS.gz	cisCRP	Inverse variance weighted	4	-0.19124505721262028	0.10151765679653285	0.059583909364672547
cisCRP	finngen_R6_J10_ACUTELOWERNAS.gz	finngen_R6_J10_ACUTELOWERNAS.gz	cisCRP	Simple mode	4	-0.10684459925891038	0.1621320191876863	0.556963616281605
cisCRP	finngen_R6_J10_ACUTELOWERNAS.gz	finngen_R6_J10_ACUTELOWERNAS.gz	cisCRP	Weighted mode	4	-0.2727869153256358	0.15560326486814524	0.17786974975670589
cisCRP	finngen_R6_J10_ACUTEUPPERINFEC.gz	finngen_R6_J10_ACUTEUPPERINFEC.gz	cisCRP	MR Egger	4	0.002003772650822488	0.2840513460436664	0.9950119454722267
cisCRP	finngen_R6_J10_ACUTEUPPERINFEC.gz	finngen_R6_J10_ACUTEUPPERINFEC.gz	cisCRP	Weighted median	4	-0.13492097773371164	0.04962228772937651	0.006548767741702998
cisCRP	finngen_R6_J10_ACUTEUPPERINFEC.gz	finngen_R6_J10_ACUTEUPPERINFEC.gz	cisCRP	Inverse variance weighted	4	-0.09642401316714166	0.05656367739237918	0.08825067912436672
cisCRP	finngen_R6_J10_ACUTEUPPERINFEC.gz	finngen_R6_J10_ACUTEUPPERINFEC.gz	cisCRP	Simple mode	4	-0.14001054675227773	0.052151748372687115	0.07475127399131982
cisCRP	finngen_R6_J10_ACUTEUPPERINFEC.gz	finngen_R6_J10_ACUTEUPPERINFEC.gz	cisCRP	Weighted mode	4	-0.13660293958313965	0.049209396473016066	0.06922384399001646
cisCRP	finngen_R6_J10_PNEUMONIA.gz	finngen_R6_J10_PNEUMONIA.gz	cisCRP	MR Egger	4	-0.10429925698690747	0.6270279632927402	0.8831857546589034
cisCRP	finngen_R6_J10_PNEUMONIA.gz	finngen_R6_J10_PNEUMONIA.gz	cisCRP	Weighted median	4	-0.36831532546136125	0.03702837354333138	2.6031681466038717e-23
cisCRP	finngen_R6_J10_PNEUMONIA.gz	finngen_R6_J10_PNEUMONIA.gz	cisCRP	Inverse variance weighted	4	-0.2958708306752698	0.12393519188887388	0.01697250555569442
cisCRP	finngen_R6_J10_PNEUMONIA.gz	finngen_R6_J10_PNEUMONIA.gz	cisCRP	Simple mode	4	-0.4225603821278014	0.04764415278704911	0.0030220805696433493
cisCRP	finngen_R6_J10_PNEUMONIA.gz	finngen_R6_J10_PNEUMONIA.gz	cisCRP	Weighted mode	4	-0.386596642583179	0.041405882871074016	0.0026015523606395807
cisCRP	finngen_R6_K11_CHOLECYST.gz	finngen_R6_K11_CHOLECYST.gz	cisCRP	MR Egger	4	-0.052788718456030184	0.5283848303009107	0.9295315395483663
cisCRP	finngen_R6_K11_CHOLECYST.gz	finngen_R6_K11_CHOLECYST.gz	cisCRP	Weighted median	4	-0.0675355705009485	0.13086344818891874	0.6058008726195567
cisCRP	finngen_R6_K11_CHOLECYST.gz	finngen_R6_K11_CHOLECYST.gz	cisCRP	Inverse variance weighted	4	-0.15932209029611571	0.1077377159427514	0.13919487772746647
cisCRP	finngen_R6_K11_CHOLECYST.gz	finngen_R6_K11_CHOLECYST.gz	cisCRP	Simple mode	4	-0.026850793720335386	0.21046788039153938	0.9065552673158306
cisCRP	finngen_R6_K11_CHOLECYST.gz	finngen_R6_K11_CHOLECYST.gz	cisCRP	Weighted mode	4	-0.01248445212669591	0.1828383917458163	0.9498579574932828
cisCRP	finngen_R6_L12_CELLULITIS.gz	finngen_R6_L12_CELLULITIS.gz	cisCRP	MR Egger	4	-0.2703039142099389	0.4001721371443944	0.5690087511903104
cisCRP	finngen_R6_L12_CELLULITIS.gz	finngen_R6_L12_CELLULITIS.gz	cisCRP	Weighted median	4	-0.09362375358528746	0.09921821861849842	0.3453666600610241
cisCRP	finngen_R6_L12_CELLULITIS.gz	finngen_R6_L12_CELLULITIS.gz	cisCRP	Inverse variance weighted	4	-0.1079034379367526	0.08668684601834094	0.2132237183728436
cisCRP	finngen_R6_L12_CELLULITIS.gz	finngen_R6_L12_CELLULITIS.gz	cisCRP	Simple mode	4	-0.09286518964076385	0.14327579826476286	0.5630699177374366
cisCRP	finngen_R6_L12_CELLULITIS.gz	finngen_R6_L12_CELLULITIS.gz	cisCRP	Weighted mode	4	-0.09286518964076385	0.13007825847447124	0.5268093995115027
cisCRP	finngen_R6_M13_OSTEOMYELITIS.gz	finngen_R6_M13_OSTEOMYELITIS.gz	cisCRP	MR Egger	4	-0.035952627100358216	0.6940860301007734	0.9633974610163913
cisCRP	finngen_R6_M13_OSTEOMYELITIS.gz	finngen_R6_M13_OSTEOMYELITIS.gz	cisCRP	Weighted median	4	0.1455569328150611	0.18732881504766122	0.43715107456861974
cisCRP	finngen_R6_M13_OSTEOMYELITIS.gz	finngen_R6_M13_OSTEOMYELITIS.gz	cisCRP	Inverse variance weighted	4	0.1812500552273723	0.16414069761683067	0.2694908091504059
cisCRP	finngen_R6_M13_OSTEOMYELITIS.gz	finngen_R6_M13_OSTEOMYELITIS.gz	cisCRP	Simple mode	4	0.1424303392544271	0.27804057787545455	0.6437950174724323
cisCRP	finngen_R6_M13_OSTEOMYELITIS.gz	finngen_R6_M13_OSTEOMYELITIS.gz	cisCRP	Weighted mode	4	0.08970635534944443	0.2439742124370004	0.737515292677585
cisCRP	finngen_R6_N14_CYSTITIS.gz	finngen_R6_N14_CYSTITIS.gz	cisCRP	MR Egger	4	-0.36943771445045653	0.23295573372800954	0.2536550492009262
cisCRP	finngen_R6_N14_CYSTITIS.gz	finngen_R6_N14_CYSTITIS.gz	cisCRP	Weighted median	4	0.06794340349110907	0.06609388578378747	0.30395773549353833
cisCRP	finngen_R6_N14_CYSTITIS.gz	finngen_R6_N14_CYSTITIS.gz	cisCRP	Inverse variance weighted	4	0.08537463533400405	0.06860659160957883	0.2133492047804168
cisCRP	finngen_R6_N14_CYSTITIS.gz	finngen_R6_N14_CYSTITIS.gz	cisCRP	Simple mode	4	-0.00737776405088042	0.11098093595107265	0.951179781332335
cisCRP	finngen_R6_N14_CYSTITIS.gz	finngen_R6_N14_CYSTITIS.gz	cisCRP	Weighted mode	4	0.04799483443852037	0.08932223592516028	0.6283425847411614
cisCRP	finngen_R6_SEPTICHE_PNEUMONIA.gz	finngen_R6_SEPTICHE_PNEUMONIA.gz	cisCRP	MR Egger	4	0.15574883497401182	0.9329666475062125	0.8827699992673691
cisCRP	finngen_R6_SEPTICHE_PNEUMONIA.gz	finngen_R6_SEPTICHE_PNEUMONIA.gz	cisCRP	Weighted median	4	-0.43961476837022484	0.26608091848763094	0.09849694590997646
cisCRP	finngen_R6_SEPTICHE_PNEUMONIA.gz	finngen_R6_SEPTICHE_PNEUMONIA.gz	cisCRP	Inverse variance weighted	4	-0.37887215669204827	0.2210709439034756	0.08656482099934323
cisCRP	finngen_R6_SEPTICHE_PNEUMONIA.gz	finngen_R6_SEPTICHE_PNEUMONIA.gz	cisCRP	Simple mode	4	-0.41806922061085694	0.3312504213279006	0.29611104505715363
cisCRP	finngen_R6_SEPTICHE_PNEUMONIA.gz	finngen_R6_SEPTICHE_PNEUMONIA.gz	cisCRP	Weighted mode	4	-0.4925291761564076	0.3307258688457109	0.23318332200187175
cisCRP	GAinS_288.CAP.snptest.stats.gz	GAinS_288.CAP.snptest.stats.gz	cisCRP	MR Egger	4	2.4924911998165413	4.020945779895694	0.598551567750182
cisCRP	GAinS_288.CAP.snptest.stats.gz	GAinS_288.CAP.snptest.stats.gz	cisCRP	Weighted median	4	-1.3121866822713384	1.002251825913342	0.19045357289691126
cisCRP	GAinS_288.CAP.snptest.stats.gz	GAinS_288.CAP.snptest.stats.gz	cisCRP	Inverse variance weighted	4	-0.910332100723666	0.8977939168514091	0.3105991920172316
cisCRP	GAinS_288.CAP.snptest.stats.gz	GAinS_288.CAP.snptest.stats.gz	cisCRP	Simple mode	4	-1.640620559491875	1.4072841186741245	0.32795165819560657
cisCRP	GAinS_288.CAP.snptest.stats.gz	GAinS_288.CAP.snptest.stats.gz	cisCRP	Weighted mode	4	-1.390915116286521	1.246248909242292	0.3457307238093388
cisCRP	GAinS_288.snptest.stats.gz	GAinS_288.snptest.stats.gz	cisCRP	MR Egger	4	2.4603738537353523	4.152586349103321	0.6135869316221605
cisCRP	GAinS_288.snptest.stats.gz	GAinS_288.snptest.stats.gz	cisCRP	Weighted median	4	-1.3645958721966895	1.0771678825761855	0.20521366435335453
cisCRP	GAinS_288.snptest.stats.gz	GAinS_288.snptest.stats.gz	cisCRP	Inverse variance weighted	4	-1.0153542449563193	0.9285326511376666	0.27417253741740244
cisCRP	GAinS_288.snptest.stats.gz	GAinS_288.snptest.stats.gz	cisCRP	Simple mode	4	-1.8083765128429272	1.4953941220726075	0.31315745628252456
cisCRP	GAinS_288.snptest.stats.gz	GAinS_288.snptest.stats.gz	cisCRP	Weighted mode	4	-1.4712779806770517	1.316351710774168	0.34513943313837747
cisCRP	GenOSept.CAP.snptest.stats.gz	GenOSept.CAP.snptest.stats.gz	cisCRP	MR Egger	3	1.0426160978326398	3.763528634327426	0.8279510071624517
cisCRP	GenOSept.CAP.snptest.stats.gz	GenOSept.CAP.snptest.stats.gz	cisCRP	Weighted median	3	0.06695837217614833	0.6962032074273374	0.923380412362582
cisCRP	GenOSept.CAP.snptest.stats.gz	GenOSept.CAP.snptest.stats.gz	cisCRP	Inverse variance weighted	3	0.14178053352000566	0.6575722856392261	0.8292901325580938
cisCRP	GenOSept.CAP.snptest.stats.gz	GenOSept.CAP.snptest.stats.gz	cisCRP	Simple mode	3	-0.24651651621390525	0.8974149759143928	0.8093241320278395
cisCRP	GenOSept.CAP.snptest.stats.gz	GenOSept.CAP.snptest.stats.gz	cisCRP	Weighted mode	3	0.5257253082624613	0.8087305939877736	0.5823467614434499
cisCRP	GenOSept.snptest.stats.gz	GenOSept.snptest.stats.gz	cisCRP	MR Egger	3	0.9004503352162982	2.688137719323508	0.794228923942542
cisCRP	GenOSept.snptest.stats.gz	GenOSept.snptest.stats.gz	cisCRP	Weighted median	3	-0.5018926878346538	0.5085149258514393	0.3236537676637063
cisCRP	GenOSept.snptest.stats.gz	GenOSept.snptest.stats.gz	cisCRP	Inverse variance weighted	3	-0.39889538419367543	0.470536656922089	0.39657966077086704
cisCRP	GenOSept.snptest.stats.gz	GenOSept.snptest.stats.gz	cisCRP	Simple mode	3	-0.5655467772758237	0.6640096405301759	0.4840856692039588
cisCRP	GenOSept.snptest.stats.gz	GenOSept.snptest.stats.gz	cisCRP	Weighted mode	3	-0.5355683309935452	0.636246972979118	0.48853053820379233
cisCRP	LRTI.case_regenie	LRTI.case_regenie	cisCRP	MR Egger	4	-0.009526394365332463	0.19968118331247728	0.9662845129715372
cisCRP	LRTI.case_regenie	LRTI.case_regenie	cisCRP	Weighted median	4	-0.045605121853710476	0.0558118725711002	0.41385857943902254
cisCRP	LRTI.case_regenie	LRTI.case_regenie	cisCRP	Inverse variance weighted	4	-0.047892456822044294	0.04740548140749228	0.3123647263220269
cisCRP	LRTI.case_regenie	LRTI.case_regenie	cisCRP	Simple mode	4	-0.08282931100424273	0.0714338434114907	0.3301460557399987
cisCRP	LRTI.case_regenie	LRTI.case_regenie	cisCRP	Weighted mode	4	-0.01881758914347917	0.06771585552215038	0.7991475839609243
cisCRP	LRTI.crit_regenie	LRTI.crit_regenie	cisCRP	MR Egger	4	-0.4232333204690097	0.9660865521115009	0.7040957918405526
cisCRP	LRTI.crit_regenie	LRTI.crit_regenie	cisCRP	Weighted median	4	-0.2696701949714045	0.259712825967445	0.29911182964050337
cisCRP	LRTI.crit_regenie	LRTI.crit_regenie	cisCRP	Inverse variance weighted	4	-0.26053504990148657	0.22949514446037056	0.2562693310956405
cisCRP	LRTI.crit_regenie	LRTI.crit_regenie	cisCRP	Simple mode	4	-0.27992228363356086	0.3336104234477229	0.46302499668679403
cisCRP	LRTI.crit_regenie	LRTI.crit_regenie	cisCRP	Weighted mode	4	-0.28416653313079276	0.32745735124138864	0.449352022103063
cisCRP	Osteomyelitis.case_regenie	Osteomyelitis.case_regenie	cisCRP	MR Egger	4	-0.19136243865829003	0.33841860074772373	0.6287364899314878
cisCRP	Osteomyelitis.case_regenie	Osteomyelitis.case_regenie	cisCRP	Weighted median	4	-0.10256375850688555	0.09851685317038668	0.2978392075427834
cisCRP	Osteomyelitis.case_regenie	Osteomyelitis.case_regenie	cisCRP	Inverse variance weighted	4	-0.07541639085867685	0.08037819150048535	0.34810602363706594
cisCRP	Osteomyelitis.case_regenie	Osteomyelitis.case_regenie	cisCRP	Simple mode	4	-0.14076435660360867	0.13206315950853062	0.36464550223854875
cisCRP	Osteomyelitis.case_regenie	Osteomyelitis.case_regenie	cisCRP	Weighted mode	4	-0.14142806847066253	0.12520006606989906	0.3407980704487782
cisCRP	Pneumonia.case_regenie	Pneumonia.case_regenie	cisCRP	MR Egger	4	-0.01650201911053957	0.1588058772069224	0.9267198586278848
cisCRP	Pneumonia.case_regenie	Pneumonia.case_regenie	cisCRP	Weighted median	4	0.0074017259693393	0.04387448483823293	0.866030819151951
cisCRP	Pneumonia.case_regenie	Pneumonia.case_regenie	cisCRP	Inverse variance weighted	4	0.005682259816524299	0.0377023957523178	0.8802017277282106
cisCRP	Pneumonia.case_regenie	Pneumonia.case_regenie	cisCRP	Simple mode	4	0.006845251020526133	0.05444666317244772	0.9079027518965814
cisCRP	Pneumonia.case_regenie	Pneumonia.case_regenie	cisCRP	Weighted mode	4	0.008713935857551536	0.05412953812375543	0.8823368171273641
cisCRP	Pneumonia.crit_dead_regenie	Pneumonia.crit_dead_regenie	cisCRP	MR Egger	4	-0.7312752571101999	1.0020160625629593	0.5414130269093942
cisCRP	Pneumonia.crit_dead_regenie	Pneumonia.crit_dead_regenie	cisCRP	Weighted median	4	-0.32822222028490144	0.28599786320157505	0.251117740378663
cisCRP	Pneumonia.crit_dead_regenie	Pneumonia.crit_dead_regenie	cisCRP	Inverse variance weighted	4	-0.3236031522649119	0.2380483869819716	0.17401963829102396
cisCRP	Pneumonia.crit_dead_regenie	Pneumonia.crit_dead_regenie	cisCRP	Simple mode	4	-0.3698492905269486	0.3684212791978842	0.38940259821832346
cisCRP	Pneumonia.crit_dead_regenie	Pneumonia.crit_dead_regenie	cisCRP	Weighted mode	4	-0.2506171418362555	0.34008231119111215	0.5145649257624095
cisCRP	Pneumonia.crit_regenie	Pneumonia.crit_regenie	cisCRP	MR Egger	4	-0.3989719090274505	0.5206111467924203	0.5235627363086316
cisCRP	Pneumonia.crit_regenie	Pneumonia.crit_regenie	cisCRP	Weighted median	4	0.023760535883503162	0.13125296492938357	0.856345154853711
cisCRP	Pneumonia.crit_regenie	Pneumonia.crit_regenie	cisCRP	Inverse variance weighted	4	-0.03353215654200574	0.11322708126436233	0.7671158250139226
cisCRP	Pneumonia.crit_regenie	Pneumonia.crit_regenie	cisCRP	Simple mode	4	0.0757340190167124	0.18973006018508395	0.7164870333805307
cisCRP	Pneumonia.crit_regenie	Pneumonia.crit_regenie	cisCRP	Weighted mode	4	0.06360063068180877	0.1770645927398515	0.7432432661219879
cisCRP	Sepsis.case_regenie	Sepsis.case_regenie	cisCRP	MR Egger	4	-0.12443181611487968	0.21895406145454696	0.6271303773464365
cisCRP	Sepsis.case_regenie	Sepsis.case_regenie	cisCRP	Weighted median	4	-0.11849158386321483	0.05996741738394991	0.04816239451514347
cisCRP	Sepsis.case_regenie	Sepsis.case_regenie	cisCRP	Inverse variance weighted	4	-0.09836235662584984	0.05200621222967325	0.05857659402401688
cisCRP	Sepsis.case_regenie	Sepsis.case_regenie	cisCRP	Simple mode	4	-0.12721385712546063	0.07876614001599876	0.20470464622048776
cisCRP	Sepsis.case_regenie	Sepsis.case_regenie	cisCRP	Weighted mode	4	-0.1280957061035582	0.06859210404702056	0.15864602076497458
cisCRP	Sepsis.crit_dead_regenie	Sepsis.crit_dead_regenie	cisCRP	MR Egger	4	-0.5705705479517752	1.262881203743349	0.6956811485686888
cisCRP	Sepsis.crit_dead_regenie	Sepsis.crit_dead_regenie	cisCRP	Weighted median	4	-0.5178972607423581	0.3399848414177562	0.12768487946647883
cisCRP	Sepsis.crit_dead_regenie	Sepsis.crit_dead_regenie	cisCRP	Inverse variance weighted	4	-0.5474339236289841	0.2995337658032179	0.0676065907362525
cisCRP	Sepsis.crit_dead_regenie	Sepsis.crit_dead_regenie	cisCRP	Simple mode	4	-0.5103061631333742	0.44604255551557487	0.335606319638588
cisCRP	Sepsis.crit_dead_regenie	Sepsis.crit_dead_regenie	cisCRP	Weighted mode	4	-0.511659157307959	0.4120963289346419	0.3026112273006448
cisCRP	Sepsis.crit_regenie	Sepsis.crit_regenie	cisCRP	MR Egger	4	-0.47110086481428853	0.6306123343747461	0.5329174109827588
cisCRP	Sepsis.crit_regenie	Sepsis.crit_regenie	cisCRP	Weighted median	4	-0.16265321399535557	0.1711863906872127	0.34203466065333793
cisCRP	Sepsis.crit_regenie	Sepsis.crit_regenie	cisCRP	Inverse variance weighted	4	-0.13257460975589985	0.14952088303794828	0.3752604542503356
cisCRP	Sepsis.crit_regenie	Sepsis.crit_regenie	cisCRP	Simple mode	4	-0.22791506335608697	0.2582723708919309	0.4425114814638342
cisCRP	Sepsis.crit_regenie	Sepsis.crit_regenie	cisCRP	Weighted mode	4	-0.22588205425233232	0.22486878691457338	0.3891431819027882
cisCRP	Sepsis.dead_regenie	Sepsis.dead_regenie	cisCRP	MR Egger	4	-0.22240132313072827	0.534443045906101	0.717714144880503
cisCRP	Sepsis.dead_regenie	Sepsis.dead_regenie	cisCRP	Weighted median	4	-0.33013712883684265	0.13982401346971604	0.018221290734684956
cisCRP	Sepsis.dead_regenie	Sepsis.dead_regenie	cisCRP	Inverse variance weighted	4	-0.326709841685706	0.12694350345949948	0.010062813430828784
cisCRP	Sepsis.dead_regenie	Sepsis.dead_regenie	cisCRP	Simple mode	4	-0.32399029509305827	0.18882783768311462	0.18470532822050378
cisCRP	Sepsis.dead_regenie	Sepsis.dead_regenie	cisCRP	Weighted mode	4	-0.32399029509305827	0.17687623867998176	0.16438538604961062
cisCRP	URTI.case_regenie	URTI.case_regenie	cisCRP	MR Egger	4	-0.40218357881300065	0.44740524320443936	0.46356185363019486
cisCRP	URTI.case_regenie	URTI.case_regenie	cisCRP	Weighted median	4	0.02198365097801214	0.12210940458174258	0.8571271206045907
cisCRP	URTI.case_regenie	URTI.case_regenie	cisCRP	Inverse variance weighted	4	0.03683907526862136	0.10612735652484641	0.7285001262815163
cisCRP	URTI.case_regenie	URTI.case_regenie	cisCRP	Simple mode	4	-0.024799615486685467	0.16984044034452703	0.8931673777131409
cisCRP	URTI.case_regenie	URTI.case_regenie	cisCRP	Weighted mode	4	0.008280730286556515	0.15254836316210552	0.9601226435721744
cisCRP	UTI.case_regenie	UTI.case_regenie	cisCRP	MR Egger	4	-0.17248963532105044	0.2294814736585332	0.5306750543345682
cisCRP	UTI.case_regenie	UTI.case_regenie	cisCRP	Weighted median	4	-0.0357259732639327	0.054402412823205355	0.5113749130176304
cisCRP	UTI.case_regenie	UTI.case_regenie	cisCRP	Inverse variance weighted	4	-0.01792873398397323	0.04954896151756908	0.717472537852222
cisCRP	UTI.case_regenie	UTI.case_regenie	cisCRP	Simple mode	4	-0.04330913002133657	0.08525306348915128	0.6464452452343772
cisCRP	UTI.case_regenie	UTI.case_regenie	cisCRP	Weighted mode	4	0.055085451443802835	0.0786350906674148	0.5340446210092523
cisIL6R	Appendicitis.case_regenie	Appendicitis.case_regenie	cisIL6R	MR Egger	26	-0.09885892231698921	0.2660409917731108	0.7134565454732785
cisIL6R	Appendicitis.case_regenie	Appendicitis.case_regenie	cisIL6R	Weighted median	26	0.17639582333323986	0.201229385076607	0.3807089496727211
cisIL6R	Appendicitis.case_regenie	Appendicitis.case_regenie	cisIL6R	Inverse variance weighted	26	0.1925282055121999	0.13466513718757167	0.15280855851930775
cisIL6R	Appendicitis.case_regenie	Appendicitis.case_regenie	cisIL6R	Simple mode	26	0.05149744621319918	0.32868872356700146	0.8767590640261321
cisIL6R	Appendicitis.case_regenie	Appendicitis.case_regenie	cisIL6R	Weighted mode	26	0.10006221995989328	0.19563324200295742	0.6135041792791696
cisIL6R	Cellulitis.case_regenie	Cellulitis.case_regenie	cisIL6R	MR Egger	26	0.3225534702361948	0.1645711915235374	0.06171057247158371
cisIL6R	Cellulitis.case_regenie	Cellulitis.case_regenie	cisIL6R	Weighted median	26	0.347586885548619	0.12843114689746457	0.006801574086386328
cisIL6R	Cellulitis.case_regenie	Cellulitis.case_regenie	cisIL6R	Inverse variance weighted	26	0.18306935841555264	0.08333809896358686	0.028041401722417862
cisIL6R	Cellulitis.case_regenie	Cellulitis.case_regenie	cisIL6R	Simple mode	26	0.11382682059013272	0.254672297663242	0.6587564028349103
cisIL6R	Cellulitis.case_regenie	Cellulitis.case_regenie	cisIL6R	Weighted mode	26	0.38580890590149686	0.1378549630847148	0.009740368235703276
cisIL6R	Cholecystitis.case_regenie	Cholecystitis.case_regenie	cisIL6R	MR Egger	26	0.24549438986365296	0.31590801669579366	0.4446881895533429
cisIL6R	Cholecystitis.case_regenie	Cholecystitis.case_regenie	cisIL6R	Weighted median	26	0.3827845407310964	0.20798739235942143	0.0657063285104997
cisIL6R	Cholecystitis.case_regenie	Cholecystitis.case_regenie	cisIL6R	Inverse variance weighted	26	0.42305499765609933	0.1580549532574694	0.007436619258879791
cisIL6R	Cholecystitis.case_regenie	Cholecystitis.case_regenie	cisIL6R	Simple mode	26	0.3961739666450259	0.3650057636842317	0.2881043711457459
cisIL6R	Cholecystitis.case_regenie	Cholecystitis.case_regenie	cisIL6R	Weighted mode	26	0.32164799091735974	0.19654829123497064	0.11426725569027611
cisIL6R	COVID-covid-vs-pop.txt.gz	COVID-covid-vs-pop.txt.gz	cisIL6R	MR Egger	26	-0.0781832009470964	0.05237560689571991	0.1485353361517249
cisIL6R	COVID-covid-vs-pop.txt.gz	COVID-covid-vs-pop.txt.gz	cisIL6R	Weighted median	26	-0.07603770403296484	0.03701089196231624	0.03993038913285291
cisIL6R	COVID-covid-vs-pop.txt.gz	COVID-covid-vs-pop.txt.gz	cisIL6R	Inverse variance weighted	26	-0.0690592779907483	0.026570811236855438	0.009347794301032447
cisIL6R	COVID-covid-vs-pop.txt.gz	COVID-covid-vs-pop.txt.gz	cisIL6R	Simple mode	26	-0.04274929135587435	0.0569846613238351	0.4601431590940427
cisIL6R	COVID-covid-vs-pop.txt.gz	COVID-covid-vs-pop.txt.gz	cisIL6R	Weighted mode	26	-0.07610765185551516	0.03536007212344253	0.04121627713614279
cisIL6R	COVID-hospital-vs-pop.txt.gz	COVID-hospital-vs-pop.txt.gz	cisIL6R	MR Egger	26	-0.11564980246491992	0.11980685748780141	0.34402040080360996
cisIL6R	COVID-hospital-vs-pop.txt.gz	COVID-hospital-vs-pop.txt.gz	cisIL6R	Weighted median	26	-0.21440723675752468	0.07417923728572044	0.0038475902660829956
cisIL6R	COVID-hospital-vs-pop.txt.gz	COVID-hospital-vs-pop.txt.gz	cisIL6R	Inverse variance weighted	26	-0.18865375827715317	0.06068185197440375	0.0018778580188855152
cisIL6R	COVID-hospital-vs-pop.txt.gz	COVID-hospital-vs-pop.txt.gz	cisIL6R	Simple mode	26	-0.1759539681780069	0.13697517653742022	0.21071912738149265
cisIL6R	COVID-hospital-vs-pop.txt.gz	COVID-hospital-vs-pop.txt.gz	cisIL6R	Weighted mode	26	-0.19566236095712997	0.07339659514858726	0.0132648425126747
cisIL6R	COVID-vsevere-vs-pop.txt.gz	COVID-vsevere-vs-pop.txt.gz	cisIL6R	MR Egger	26	-0.4361882175864994	0.19770243455664963	0.03718030891934398
cisIL6R	COVID-vsevere-vs-pop.txt.gz	COVID-vsevere-vs-pop.txt.gz	cisIL6R	Weighted median	26	-0.4210992100244689	0.1223246445049288	5.764227253879057e-4
cisIL6R	COVID-vsevere-vs-pop.txt.gz	COVID-vsevere-vs-pop.txt.gz	cisIL6R	Inverse variance weighted	26	-0.3714240967556008	0.10103980977077354	2.369033905499903e-4
cisIL6R	COVID-vsevere-vs-pop.txt.gz	COVID-vsevere-vs-pop.txt.gz	cisIL6R	Simple mode	26	-0.34316808743740124	0.1999936049368257	0.09855039041985512
cisIL6R	COVID-vsevere-vs-pop.txt.gz	COVID-vsevere-vs-pop.txt.gz	cisIL6R	Weighted mode	26	-0.38079015197591604	0.1166577715155942	0.0031738696138068367
cisIL6R	Endocarditis.case_regenie	Endocarditis.case_regenie	cisIL6R	MR Egger	26	-0.5164505888138063	0.6122654588720805	0.4072735288790693
cisIL6R	Endocarditis.case_regenie	Endocarditis.case_regenie	cisIL6R	Weighted median	26	0.46119747703119407	0.4263938543194092	0.27941999986429455
cisIL6R	Endocarditis.case_regenie	Endocarditis.case_regenie	cisIL6R	Inverse variance weighted	26	0.5084931767494439	0.32667165036560153	0.11956833042703066
cisIL6R	Endocarditis.case_regenie	Endocarditis.case_regenie	cisIL6R	Simple mode	26	-0.10610239247787323	0.8311123966721348	0.8994369474754136
cisIL6R	Endocarditis.case_regenie	Endocarditis.case_regenie	cisIL6R	Weighted mode	26	0.24060147024901468	0.4721706997727617	0.6148254471521019
cisIL6R	finngen_R6_AB1_SEPSIS.gz	finngen_R6_AB1_SEPSIS.gz	cisIL6R	MR Egger	26	-0.018226903995658513	0.21973947799844956	0.9345810135974917
cisIL6R	finngen_R6_AB1_SEPSIS.gz	finngen_R6_AB1_SEPSIS.gz	cisIL6R	Weighted median	26	-0.07301811614560787	0.15134524480705058	0.6294787878575512
cisIL6R	finngen_R6_AB1_SEPSIS.gz	finngen_R6_AB1_SEPSIS.gz	cisIL6R	Inverse variance weighted	26	-0.023788460502016787	0.11064438413652772	0.8297678969875374
cisIL6R	finngen_R6_AB1_SEPSIS.gz	finngen_R6_AB1_SEPSIS.gz	cisIL6R	Simple mode	26	-0.09412795126775952	0.20871945084592294	0.6558925811053262
cisIL6R	finngen_R6_AB1_SEPSIS.gz	finngen_R6_AB1_SEPSIS.gz	cisIL6R	Weighted mode	26	-0.08380153046795868	0.1517461588001187	0.5856822158378484
cisIL6R	finngen_R6_AB1_STREPTO_SEPSIS.gz	finngen_R6_AB1_STREPTO_SEPSIS.gz	cisIL6R	MR Egger	26	0.25043422977204793	0.5111403818012161	0.6286168450642089
cisIL6R	finngen_R6_AB1_STREPTO_SEPSIS.gz	finngen_R6_AB1_STREPTO_SEPSIS.gz	cisIL6R	Weighted median	26	-0.22540929195824733	0.3642288186645402	0.5360038066950217
cisIL6R	finngen_R6_AB1_STREPTO_SEPSIS.gz	finngen_R6_AB1_STREPTO_SEPSIS.gz	cisIL6R	Inverse variance weighted	26	-0.2307867158698	0.25718765825519	0.3695334891042838
cisIL6R	finngen_R6_AB1_STREPTO_SEPSIS.gz	finngen_R6_AB1_STREPTO_SEPSIS.gz	cisIL6R	Simple mode	26	-0.6174450482479603	0.5120327963543094	0.23915669698925354
cisIL6R	finngen_R6_AB1_STREPTO_SEPSIS.gz	finngen_R6_AB1_STREPTO_SEPSIS.gz	cisIL6R	Weighted mode	26	-0.3007638341064407	0.33621153205279913	0.3795505119704071
cisIL6R	finngen_R6_APPENDICITIS_BROAD.gz	finngen_R6_APPENDICITIS_BROAD.gz	cisIL6R	MR Egger	26	0.12041524392311877	0.17151930427273995	0.48940077475747423
cisIL6R	finngen_R6_APPENDICITIS_BROAD.gz	finngen_R6_APPENDICITIS_BROAD.gz	cisIL6R	Weighted median	26	0.21022079447678077	0.10420258084512087	0.04365127776404117
cisIL6R	finngen_R6_APPENDICITIS_BROAD.gz	finngen_R6_APPENDICITIS_BROAD.gz	cisIL6R	Inverse variance weighted	26	0.1937368525415934	0.08503278538366103	0.022704048475009692
cisIL6R	finngen_R6_APPENDICITIS_BROAD.gz	finngen_R6_APPENDICITIS_BROAD.gz	cisIL6R	Simple mode	26	0.16841597392293828	0.1916486722305211	0.38789198523807533
cisIL6R	finngen_R6_APPENDICITIS_BROAD.gz	finngen_R6_APPENDICITIS_BROAD.gz	cisIL6R	Weighted mode	26	0.19262166486109678	0.10018746460803184	0.06599303145930926
cisIL6R	finngen_R6_I9_ENDOCARD.gz	finngen_R6_I9_ENDOCARD.gz	cisIL6R	MR Egger	26	-0.657744634129125	0.8137020312621234	0.42683755818005975
cisIL6R	finngen_R6_I9_ENDOCARD.gz	finngen_R6_I9_ENDOCARD.gz	cisIL6R	Weighted median	26	0.5020204504602478	0.5262711654970258	0.3401242732844415
cisIL6R	finngen_R6_I9_ENDOCARD.gz	finngen_R6_I9_ENDOCARD.gz	cisIL6R	Inverse variance weighted	26	0.5211797881935522	0.42386830489250876	0.21885460190147274
cisIL6R	finngen_R6_I9_ENDOCARD.gz	finngen_R6_I9_ENDOCARD.gz	cisIL6R	Simple mode	26	1.4370274747990024	0.9138812874742636	0.1284191948577317
cisIL6R	finngen_R6_I9_ENDOCARD.gz	finngen_R6_I9_ENDOCARD.gz	cisIL6R	Weighted mode	26	0.3496067631268218	0.5525573793719316	0.5326701818782968
cisIL6R	finngen_R6_J10_ACUTELOWERNAS.gz	finngen_R6_J10_ACUTELOWERNAS.gz	cisIL6R	MR Egger	26	0.040172471013360106	0.4125046456191524	0.9232280390716074
cisIL6R	finngen_R6_J10_ACUTELOWERNAS.gz	finngen_R6_J10_ACUTELOWERNAS.gz	cisIL6R	Weighted median	26	-0.07149155245681232	0.2642279676123368	0.7867235440689716
cisIL6R	finngen_R6_J10_ACUTELOWERNAS.gz	finngen_R6_J10_ACUTELOWERNAS.gz	cisIL6R	Inverse variance weighted	26	0.04218022995300124	0.2036320348492771	0.8359009448751282
cisIL6R	finngen_R6_J10_ACUTELOWERNAS.gz	finngen_R6_J10_ACUTELOWERNAS.gz	cisIL6R	Simple mode	26	0.06975901264787332	0.47201223452758156	0.8836934866041981
cisIL6R	finngen_R6_J10_ACUTELOWERNAS.gz	finngen_R6_J10_ACUTELOWERNAS.gz	cisIL6R	Weighted mode	26	0.015259690497180678	0.2507293939735428	0.9519536947943826
cisIL6R	finngen_R6_J10_ACUTEUPPERINFEC.gz	finngen_R6_J10_ACUTEUPPERINFEC.gz	cisIL6R	MR Egger	26	0.062512855885077	0.13641669667472675	0.6508957304971348
cisIL6R	finngen_R6_J10_ACUTEUPPERINFEC.gz	finngen_R6_J10_ACUTEUPPERINFEC.gz	cisIL6R	Weighted median	26	0.09249513479314768	0.09588938686677083	0.33474398595787813
cisIL6R	finngen_R6_J10_ACUTEUPPERINFEC.gz	finngen_R6_J10_ACUTEUPPERINFEC.gz	cisIL6R	Inverse variance weighted	26	0.07916256790825973	0.06867992756794418	0.24906214671574972
cisIL6R	finngen_R6_J10_ACUTEUPPERINFEC.gz	finngen_R6_J10_ACUTEUPPERINFEC.gz	cisIL6R	Simple mode	26	0.3066704295067715	0.15208003611700402	0.054610100509200565
cisIL6R	finngen_R6_J10_ACUTEUPPERINFEC.gz	finngen_R6_J10_ACUTEUPPERINFEC.gz	cisIL6R	Weighted mode	26	0.06469144950301109	0.09685058509417352	0.5102848731185534
cisIL6R	finngen_R6_J10_PNEUMONIA.gz	finngen_R6_J10_PNEUMONIA.gz	cisIL6R	MR Egger	26	0.21134761989183806	0.12402864912693876	0.10129223702952507
cisIL6R	finngen_R6_J10_PNEUMONIA.gz	finngen_R6_J10_PNEUMONIA.gz	cisIL6R	Weighted median	26	0.2477123903734696	0.08194580168413797	0.002503808476652029
cisIL6R	finngen_R6_J10_PNEUMONIA.gz	finngen_R6_J10_PNEUMONIA.gz	cisIL6R	Inverse variance weighted	26	0.17654073780299206	0.061325402243169354	0.0039924982009085725
cisIL6R	finngen_R6_J10_PNEUMONIA.gz	finngen_R6_J10_PNEUMONIA.gz	cisIL6R	Simple mode	26	0.06195435243660308	0.14152940726764446	0.665327044359501
cisIL6R	finngen_R6_J10_PNEUMONIA.gz	finngen_R6_J10_PNEUMONIA.gz	cisIL6R	Weighted mode	26	0.2075662415210351	0.08604436960549922	0.02351756399600829
cisIL6R	finngen_R6_K11_CHOLECYST.gz	finngen_R6_K11_CHOLECYST.gz	cisIL6R	MR Egger	26	0.2517319465319757	0.3776646187912101	0.5114176934114557
cisIL6R	finngen_R6_K11_CHOLECYST.gz	finngen_R6_K11_CHOLECYST.gz	cisIL6R	Weighted median	26	0.16073811854835013	0.2679424488141601	0.5485742666661755
cisIL6R	finngen_R6_K11_CHOLECYST.gz	finngen_R6_K11_CHOLECYST.gz	cisIL6R	Inverse variance weighted	26	0.04611928311162195	0.19011166272490387	0.8083226421531352
cisIL6R	finngen_R6_K11_CHOLECYST.gz	finngen_R6_K11_CHOLECYST.gz	cisIL6R	Simple mode	26	0.2360262087267806	0.4028903640193828	0.5632401166020549
cisIL6R	finngen_R6_K11_CHOLECYST.gz	finngen_R6_K11_CHOLECYST.gz	cisIL6R	Weighted mode	26	0.19090703171792356	0.24864622653293167	0.44980602395283364
cisIL6R	finngen_R6_L12_CELLULITIS.gz	finngen_R6_L12_CELLULITIS.gz	cisIL6R	MR Egger	26	0.3551189760578255	0.31403571511830236	0.2693035725310311
cisIL6R	finngen_R6_L12_CELLULITIS.gz	finngen_R6_L12_CELLULITIS.gz	cisIL6R	Weighted median	26	0.42410159316804175	0.2138522421887024	0.047350405942737164
cisIL6R	finngen_R6_L12_CELLULITIS.gz	finngen_R6_L12_CELLULITIS.gz	cisIL6R	Inverse variance weighted	26	0.4512088003282593	0.15526461039472023	0.0036600729051044526
cisIL6R	finngen_R6_L12_CELLULITIS.gz	finngen_R6_L12_CELLULITIS.gz	cisIL6R	Simple mode	26	0.49544357562253705	0.3187098488989638	0.13262786256758566
cisIL6R	finngen_R6_L12_CELLULITIS.gz	finngen_R6_L12_CELLULITIS.gz	cisIL6R	Weighted mode	26	0.4221381497272434	0.20541773736212293	0.05046698526959885
cisIL6R	finngen_R6_M13_OSTEOMYELITIS.gz	finngen_R6_M13_OSTEOMYELITIS.gz	cisIL6R	MR Egger	26	0.22696775067711777	0.5739235440156364	0.6959917259931004
cisIL6R	finngen_R6_M13_OSTEOMYELITIS.gz	finngen_R6_M13_OSTEOMYELITIS.gz	cisIL6R	Weighted median	26	0.3774329512928286	0.4213316555263582	0.3703544497527871
cisIL6R	finngen_R6_M13_OSTEOMYELITIS.gz	finngen_R6_M13_OSTEOMYELITIS.gz	cisIL6R	Inverse variance weighted	26	0.3763748005765662	0.2889770596155281	0.1927665848219759
cisIL6R	finngen_R6_M13_OSTEOMYELITIS.gz	finngen_R6_M13_OSTEOMYELITIS.gz	cisIL6R	Simple mode	26	1.0318099755068317	0.7383567978494081	0.1745606199134365
cisIL6R	finngen_R6_M13_OSTEOMYELITIS.gz	finngen_R6_M13_OSTEOMYELITIS.gz	cisIL6R	Weighted mode	26	0.27816844025359977	0.43489739814225564	0.5282389200781068
cisIL6R	finngen_R6_N14_CYSTITIS.gz	finngen_R6_N14_CYSTITIS.gz	cisIL6R	MR Egger	26	0.021693703038143188	0.21205447984190648	0.9193665432750776
cisIL6R	finngen_R6_N14_CYSTITIS.gz	finngen_R6_N14_CYSTITIS.gz	cisIL6R	Weighted median	26	0.16480320811070584	0.14355143986669322	0.2509508635254776
cisIL6R	finngen_R6_N14_CYSTITIS.gz	finngen_R6_N14_CYSTITIS.gz	cisIL6R	Inverse variance weighted	26	0.10486322296187507	0.10498589894264794	0.3178763236365097
cisIL6R	finngen_R6_N14_CYSTITIS.gz	finngen_R6_N14_CYSTITIS.gz	cisIL6R	Simple mode	26	0.0748612246427145	0.21970264072013745	0.7361470739365827
cisIL6R	finngen_R6_N14_CYSTITIS.gz	finngen_R6_N14_CYSTITIS.gz	cisIL6R	Weighted mode	26	0.11939563025697719	0.1371668341643142	0.39234107891705716
cisIL6R	finngen_R6_SEPTICHE_PNEUMONIA.gz	finngen_R6_SEPTICHE_PNEUMONIA.gz	cisIL6R	MR Egger	26	0.35444426281934716	0.7743954125548855	0.6512815826843358
cisIL6R	finngen_R6_SEPTICHE_PNEUMONIA.gz	finngen_R6_SEPTICHE_PNEUMONIA.gz	cisIL6R	Weighted median	26	-0.23327908958881988	0.54268200499683406	0.6672950672312814
cisIL6R	finngen_R6_SEPTICHE_PNEUMONIA.gz	finngen_R6_SEPTICHE_PNEUMONIA.gz	cisIL6R	Inverse variance weighted	26	-0.46774523503002097	0.3898749413854468	0.23024364831873617
cisIL6R	finngen_R6_SEPTICHE_PNEUMONIA.gz	finngen_R6_SEPTICHE_PNEUMONIA.gz	cisIL6R	Simple mode	26	-1.1124858691621071	0.8356193824266402	0.19509369633388646
cisIL6R	finngen_R6_SEPTICHE_PNEUMONIA.gz	finngen_R6_SEPTICHE_PNEUMONIA.gz	cisIL6R	Weighted mode	26	-0.34444110804911077	0.5483549646654978	0.5356119050832209
cisIL6R	GAinS_288.CAP.snptest.stats.gz	GAinS_288.CAP.snptest.stats.gz	cisIL6R	MR Egger	20	-5.758251038131064	2.7935793076611364	0.054027211733745535
cisIL6R	GAinS_288.CAP.snptest.stats.gz	GAinS_288.CAP.snptest.stats.gz	cisIL6R	Weighted median	20	-4.028230601347883	1.9658427492914354	0.040451232294277044
cisIL6R	GAinS_288.CAP.snptest.stats.gz	GAinS_288.CAP.snptest.stats.gz	cisIL6R	Inverse variance weighted	20	-5.206520767000972	1.485415536528803	4.5644646020092565e-4
cisIL6R	GAinS_288.CAP.snptest.stats.gz	GAinS_288.CAP.snptest.stats.gz	cisIL6R	Simple mode	20	-3.4422380274203483	3.1694358798026134	0.29103450713487583
cisIL6R	GAinS_288.CAP.snptest.stats.gz	GAinS_288.CAP.snptest.stats.gz	cisIL6R	Weighted mode	20	-4.224667109278904	1.9858965743669559	0.04670924224197033
cisIL6R	GAinS_288.snptest.stats.gz	GAinS_288.snptest.stats.gz	cisIL6R	MR Egger	20	-5.8707968363866385	2.8745677074965252	0.05604927431187877
cisIL6R	GAinS_288.snptest.stats.gz	GAinS_288.snptest.stats.gz	cisIL6R	Weighted median	20	-4.985372098430225	2.1436974167563574	0.020040163969520255
cisIL6R	GAinS_288.snptest.stats.gz	GAinS_288.snptest.stats.gz	cisIL6R	Inverse variance weighted	20	-5.388186327561326	1.531199784605216	4.3328944894912945e-4
cisIL6R	GAinS_288.snptest.stats.gz	GAinS_288.snptest.stats.gz	cisIL6R	Simple mode	20	-4.4186733658407356	3.0312599174424943	0.1612539785082237
cisIL6R	GAinS_288.snptest.stats.gz	GAinS_288.snptest.stats.gz	cisIL6R	Weighted mode	20	-4.6002454591478354	2.1563290530657317	0.04615127918334741
cisIL6R	GenOSept.CAP.snptest.stats.gz	GenOSept.CAP.snptest.stats.gz	cisIL6R	MR Egger	10	-2.2672929470985466	2.365369748807555	0.36586078098972286
cisIL6R	GenOSept.CAP.snptest.stats.gz	GenOSept.CAP.snptest.stats.gz	cisIL6R	Weighted median	10	-1.6560347400445672	1.3577314196435188	0.2225759046462679
cisIL6R	GenOSept.CAP.snptest.stats.gz	GenOSept.CAP.snptest.stats.gz	cisIL6R	Inverse variance weighted	10	-1.5366719174223302	1.1435444604807952	0.17901961162040267
cisIL6R	GenOSept.CAP.snptest.stats.gz	GenOSept.CAP.snptest.stats.gz	cisIL6R	Simple mode	10	-1.7237826478188012	2.0544670333016435	0.4231713994364419
cisIL6R	GenOSept.CAP.snptest.stats.gz	GenOSept.CAP.snptest.stats.gz	cisIL6R	Weighted mode	10	-1.6233885813354991	1.3938044666178393	0.27407595156826575
cisIL6R	GenOSept.snptest.stats.gz	GenOSept.snptest.stats.gz	cisIL6R	MR Egger	10	0.46955345194498216	1.7047876064440626	0.78996457053647
cisIL6R	GenOSept.snptest.stats.gz	GenOSept.snptest.stats.gz	cisIL6R	Weighted median	10	-0.6076849005702336	1.0717967073654	0.5707292890126068
cisIL6R	GenOSept.snptest.stats.gz	GenOSept.snptest.stats.gz	cisIL6R	Inverse variance weighted	10	-0.4198018780736811	0.8312714053403943	0.6135505401897403
cisIL6R	GenOSept.snptest.stats.gz	GenOSept.snptest.stats.gz	cisIL6R	Simple mode	10	-0.9843810194748386	1.6473123804712855	0.5648586432157281
cisIL6R	GenOSept.snptest.stats.gz	GenOSept.snptest.stats.gz	cisIL6R	Weighted mode	10	-0.6354954623447249	1.0652573350188432	0.5654994426699189
cisIL6R	LRTI.case_regenie	LRTI.case_regenie	cisIL6R	MR Egger	26	-0.0933032695641365	0.1988952022819466	0.643226241388967
cisIL6R	LRTI.case_regenie	LRTI.case_regenie	cisIL6R	Weighted median	26	0.01794735462186021	0.11832177655741297	0.8794372821046292
cisIL6R	LRTI.case_regenie	LRTI.case_regenie	cisIL6R	Inverse variance weighted	26	0.0049340372695081845	0.09932832200932498	0.9603821582013534
cisIL6R	LRTI.case_regenie	LRTI.case_regenie	cisIL6R	Simple mode	26	-0.17811026470611813	0.22785561056801892	0.4417429929622678
cisIL6R	LRTI.case_regenie	LRTI.case_regenie	cisIL6R	Weighted mode	26	-0.015483721014550422	0.11244211483238845	0.891577514250036
cisIL6R	LRTI.crit_regenie	LRTI.crit_regenie	cisIL6R	MR Egger	26	-0.19978890923866613	0.7967106592531934	0.8041285271259624
cisIL6R	LRTI.crit_regenie	LRTI.crit_regenie	cisIL6R	Weighted median	26	-0.5777554783588367	0.5669189501405046	0.30814848051453997
cisIL6R	LRTI.crit_regenie	LRTI.crit_regenie	cisIL6R	Inverse variance weighted	26	-0.6669837279572322	0.3990015264200947	0.0945969064988645
cisIL6R	LRTI.crit_regenie	LRTI.crit_regenie	cisIL6R	Simple mode	26	-1.2664952520500812	0.9587362678517881	0.19846426469620368
cisIL6R	LRTI.crit_regenie	LRTI.crit_regenie	cisIL6R	Weighted mode	26	-0.5116970569308048	0.5436981336656874	0.355638053235933
cisIL6R	Osteomyelitis.case_regenie	Osteomyelitis.case_regenie	cisIL6R	MR Egger	26	0.1322570221678276	0.37493270525135264	0.7273560425697287
cisIL6R	Osteomyelitis.case_regenie	Osteomyelitis.case_regenie	cisIL6R	Weighted median	26	0.09101030221520426	0.18381485648078663	0.6205158374761222
cisIL6R	Osteomyelitis.case_regenie	Osteomyelitis.case_regenie	cisIL6R	Inverse variance weighted	26	0.23539223099833695	0.1864165973149568	0.2066893123072692
cisIL6R	Osteomyelitis.case_regenie	Osteomyelitis.case_regenie	cisIL6R	Simple mode	26	0.42834581223594714	0.28703492834204875	0.14813017774276785
cisIL6R	Osteomyelitis.case_regenie	Osteomyelitis.case_regenie	cisIL6R	Weighted mode	26	0.22771072553052818	0.18155718946918237	0.22136660832185823
cisIL6R	Pneumonia.case_regenie	Pneumonia.case_regenie	cisIL6R	MR Egger	26	0.006342264595582618	0.12292021680374518	0.9592771819787236
cisIL6R	Pneumonia.case_regenie	Pneumonia.case_regenie	cisIL6R	Weighted median	26	0.11823850929930553	0.0918554775541947	0.19801647450933846
cisIL6R	Pneumonia.case_regenie	Pneumonia.case_regenie	cisIL6R	Inverse variance weighted	26	-0.028934103260592123	0.0622047261583514	0.641828935650413
cisIL6R	Pneumonia.case_regenie	Pneumonia.case_regenie	cisIL6R	Simple mode	26	-0.1438958138887232	0.1809356029719457	0.4339325358073852
cisIL6R	Pneumonia.case_regenie	Pneumonia.case_regenie	cisIL6R	Weighted mode	26	0.05578025807491027	0.09374163284021	0.5571632455012092
cisIL6R	Pneumonia.crit_dead_regenie	Pneumonia.crit_dead_regenie	cisIL6R	MR Egger	26	0.22286913981463416	0.7747338067478312	0.7760673622904715
cisIL6R	Pneumonia.crit_dead_regenie	Pneumonia.crit_dead_regenie	cisIL6R	Weighted median	26	-0.6036711748285916	0.5560521536821689	0.2776393186248169
cisIL6R	Pneumonia.crit_dead_regenie	Pneumonia.crit_dead_regenie	cisIL6R	Inverse variance weighted	26	-0.6937328190044688	0.39224353087252917	0.07695600577141375
cisIL6R	Pneumonia.crit_dead_regenie	Pneumonia.crit_dead_regenie	cisIL6R	Simple mode	26	-0.3319752985972073	0.8624512294135235	0.7035514917183499
cisIL6R	Pneumonia.crit_dead_regenie	Pneumonia.crit_dead_regenie	cisIL6R	Weighted mode	26	-0.6350037347704625	0.5185783848491987	0.23217425468974304
cisIL6R	Pneumonia.crit_regenie	Pneumonia.crit_regenie	cisIL6R	MR Egger	26	-0.14699163423896086	0.3445976079884432	0.6735015641736651
cisIL6R	Pneumonia.crit_regenie	Pneumonia.crit_regenie	cisIL6R	Weighted median	26	-0.19935904133331275	0.2528832919462354	0.43049548161461737
cisIL6R	Pneumonia.crit_regenie	Pneumonia.crit_regenie	cisIL6R	Inverse variance weighted	26	-0.3709434940627271	0.1745347058933161	0.03355925506457171
cisIL6R	Pneumonia.crit_regenie	Pneumonia.crit_regenie	cisIL6R	Simple mode	26	-0.6694515239735388	0.4004569982002343	0.10705190890547266
cisIL6R	Pneumonia.crit_regenie	Pneumonia.crit_regenie	cisIL6R	Weighted mode	26	-0.2151411415754838	0.21797733943291497	0.33310499550853456
cisIL6R	Sepsis.case_regenie	Sepsis.case_regenie	cisIL6R	MR Egger	26	-0.02296214415721734	0.18708981459950252	0.9033403089946821
cisIL6R	Sepsis.case_regenie	Sepsis.case_regenie	cisIL6R	Weighted median	26	-0.22059356878645486	0.12730178543679446	0.08312419079946051
cisIL6R	Sepsis.case_regenie	Sepsis.case_regenie	cisIL6R	Inverse variance weighted	26	-0.22391529529339108	0.09576758969070179	0.01938146886277896
cisIL6R	Sepsis.case_regenie	Sepsis.case_regenie	cisIL6R	Simple mode	26	-0.6865475568986197	0.23938290834989695	0.008272385729768553
cisIL6R	Sepsis.case_regenie	Sepsis.case_regenie	cisIL6R	Weighted mode	26	-0.2197037245275788	0.13025852454647832	0.10410717439468545
cisIL6R	Sepsis.crit_dead_regenie	Sepsis.crit_dead_regenie	cisIL6R	MR Egger	26	-0.6822060440800527	0.9754153019631702	0.4910253210728839
cisIL6R	Sepsis.crit_dead_regenie	Sepsis.crit_dead_regenie	cisIL6R	Weighted median	26	-0.7710578024669901	0.7004784152151667	0.2710016332867022
cisIL6R	Sepsis.crit_dead_regenie	Sepsis.crit_dead_regenie	cisIL6R	Inverse variance weighted	26	-0.9870514664280214	0.4938720623152203	0.045651921685294423
cisIL6R	Sepsis.crit_dead_regenie	Sepsis.crit_dead_regenie	cisIL6R	Simple mode	26	-1.260079749467268	1.2756926652295901	0.33273379899966193
cisIL6R	Sepsis.crit_dead_regenie	Sepsis.crit_dead_regenie	cisIL6R	Weighted mode	26	-1.0592052481643908	0.7086301143300492	0.14750347727165097
cisIL6R	Sepsis.crit_regenie	Sepsis.crit_regenie	cisIL6R	MR Egger	26	-0.6120160990025	0.4951624927487957	0.22842317729071515
cisIL6R	Sepsis.crit_regenie	Sepsis.crit_regenie	cisIL6R	Weighted median	26	-0.7139030854124818	0.36468173299887613	0.05027628312774681
cisIL6R	Sepsis.crit_regenie	Sepsis.crit_regenie	cisIL6R	Inverse variance weighted	26	-0.7314085603925194	0.24607931767767782	0.0029562856393593935
cisIL6R	Sepsis.crit_regenie	Sepsis.crit_regenie	cisIL6R	Simple mode	26	-0.7761208722213802	0.6194935463969351	0.22185947844793003
cisIL6R	Sepsis.crit_regenie	Sepsis.crit_regenie	cisIL6R	Weighted mode	26	-0.6906710682417723	0.32989437133540644	0.04659842976444927
cisIL6R	Sepsis.dead_regenie	Sepsis.dead_regenie	cisIL6R	MR Egger	26	0.06014956320974897	0.4473016089409971	0.8941506746045464
cisIL6R	Sepsis.dead_regenie	Sepsis.dead_regenie	cisIL6R	Weighted median	26	-0.23129169235374114	0.2948825961213154	0.4328337178457786
cisIL6R	Sepsis.dead_regenie	Sepsis.dead_regenie	cisIL6R	Inverse variance weighted	26	-0.3026510239137686	0.22590154682644328	0.18032746163516145
cisIL6R	Sepsis.dead_regenie	Sepsis.dead_regenie	cisIL6R	Simple mode	26	-0.18859895159708273	0.5036230837423735	0.7112017985593124
cisIL6R	Sepsis.dead_regenie	Sepsis.dead_regenie	cisIL6R	Weighted mode	26	-0.2926644420304898	0.2763489885725886	0.2997074735797477
cisIL6R	URTI.case_regenie	URTI.case_regenie	cisIL6R	MR Egger	26	-0.18263350822403598	0.3694552824935369	0.625566360764308
cisIL6R	URTI.case_regenie	URTI.case_regenie	cisIL6R	Weighted median	26	0.31160997869710083	0.26143814712843483	0.233297681537748
cisIL6R	URTI.case_regenie	URTI.case_regenie	cisIL6R	Inverse variance weighted	26	0.5136110462618593	0.20068228894883894	0.01048758737115958
cisIL6R	URTI.case_regenie	URTI.case_regenie	cisIL6R	Simple mode	26	0.21030017466839457	0.424162128954932	0.6243651703267094
cisIL6R	URTI.case_regenie	URTI.case_regenie	cisIL6R	Weighted mode	26	0.27187011280392603	0.2400869433367491	0.2682183993054842
cisIL6R	UTI.case_regenie	UTI.case_regenie	cisIL6R	MR Egger	26	0.1203949503808485	0.12481159858437037	0.3443582437987678
cisIL6R	UTI.case_regenie	UTI.case_regenie	cisIL6R	Weighted median	26	0.1667048027170781	0.0887046892912488	0.0602003416270952
cisIL6R	UTI.case_regenie	UTI.case_regenie	cisIL6R	Inverse variance weighted	26	0.2796022210779754	0.06318865894592145	9.649599277948794e-6
cisIL6R	UTI.case_regenie	UTI.case_regenie	cisIL6R	Simple mode	26	0.37089507435826574	0.1576914459056506	0.02685270493396765
cisIL6R	UTI.case_regenie	UTI.case_regenie	cisIL6R	Weighted mode	26	0.199888023198302	0.0900519067607511	0.03573931386376689
cisIL6R within 10kb	Appendicitis.case_regenie	Appendicitis.case_regenie	cisIL6R within 10kb	MR Egger	8	3.0090890343665704e-4	0.45722359420639824	0.9994962303320079
cisIL6R within 10kb	Appendicitis.case_regenie	Appendicitis.case_regenie	cisIL6R within 10kb	Weighted median	8	0.060570248442187585	0.19410022161271417	0.7549975353742855
cisIL6R within 10kb	Appendicitis.case_regenie	Appendicitis.case_regenie	cisIL6R within 10kb	Inverse variance weighted	8	0.03641770556181627	0.17523185031395339	0.83536495981623
cisIL6R within 10kb	Appendicitis.case_regenie	Appendicitis.case_regenie	cisIL6R within 10kb	Simple mode	8	-0.165940929360195	0.32899403287328527	0.629473899312585
cisIL6R within 10kb	Appendicitis.case_regenie	Appendicitis.case_regenie	cisIL6R within 10kb	Weighted mode	8	0.08090403448492367	0.1946377728932585	0.6901016614692252
cisIL6R within 10kb	Cellulitis.case_regenie	Cellulitis.case_regenie	cisIL6R within 10kb	MR Egger	8	0.6090904180118415	0.340829204314076	0.12415310971663032
cisIL6R within 10kb	Cellulitis.case_regenie	Cellulitis.case_regenie	cisIL6R within 10kb	Weighted median	8	0.4146837806793679	0.15043709876793945	0.005841896029452087
cisIL6R within 10kb	Cellulitis.case_regenie	Cellulitis.case_regenie	cisIL6R within 10kb	Inverse variance weighted	8	0.2574598356337392	0.1350695562825755	0.056633627187132975
cisIL6R within 10kb	Cellulitis.case_regenie	Cellulitis.case_regenie	cisIL6R within 10kb	Simple mode	8	0.174382232813586	0.34425613695361956	0.6280335496503293
cisIL6R within 10kb	Cellulitis.case_regenie	Cellulitis.case_regenie	cisIL6R within 10kb	Weighted mode	8	0.4234164591751728	0.15421163895677983	0.028681968976479115
cisIL6R within 10kb	Cholecystitis.case_regenie	Cholecystitis.case_regenie	cisIL6R within 10kb	MR Egger	8	-0.3280210747979748	0.6821531678428941	0.6476469985108619
cisIL6R within 10kb	Cholecystitis.case_regenie	Cholecystitis.case_regenie	cisIL6R within 10kb	Weighted median	8	0.30340521405755405	0.2116103730531819	0.15163169059954326
cisIL6R within 10kb	Cholecystitis.case_regenie	Cholecystitis.case_regenie	cisIL6R within 10kb	Inverse variance weighted	8	0.35851093981980214	0.2692950419265356	0.1830922107558854
cisIL6R within 10kb	Cholecystitis.case_regenie	Cholecystitis.case_regenie	cisIL6R within 10kb	Simple mode	8	0.040646940296896084	0.3682555644050569	0.9152083152333699
cisIL6R within 10kb	Cholecystitis.case_regenie	Cholecystitis.case_regenie	cisIL6R within 10kb	Weighted mode	8	0.28670108669970684	0.2029374703983304	0.20061121467190868
cisIL6R within 10kb	COVID-covid-vs-pop.txt.gz	COVID-covid-vs-pop.txt.gz	cisIL6R within 10kb	MR Egger	8	-0.17601989377468183	0.08815217014093099	0.09284050556710863
cisIL6R within 10kb	COVID-covid-vs-pop.txt.gz	COVID-covid-vs-pop.txt.gz	cisIL6R within 10kb	Weighted median	8	-0.07195667787787022	0.03888320936286517	0.0642293019660872
cisIL6R within 10kb	COVID-covid-vs-pop.txt.gz	COVID-covid-vs-pop.txt.gz	cisIL6R within 10kb	Inverse variance weighted	8	-0.04935887059627438	0.03424818607569977	0.14952501493034753
cisIL6R within 10kb	COVID-covid-vs-pop.txt.gz	COVID-covid-vs-pop.txt.gz	cisIL6R within 10kb	Simple mode	8	-0.06982075192265863	0.07345799397774887	0.3735204148601583
cisIL6R within 10kb	COVID-covid-vs-pop.txt.gz	COVID-covid-vs-pop.txt.gz	cisIL6R within 10kb	Weighted mode	8	-0.0742821116589511	0.038332992249321005	0.09383692058284811
cisIL6R within 10kb	COVID-hospital-vs-pop.txt.gz	COVID-hospital-vs-pop.txt.gz	cisIL6R within 10kb	MR Egger	8	-0.3855301212875625	0.21881824836808597	0.12856150783143552
cisIL6R within 10kb	COVID-hospital-vs-pop.txt.gz	COVID-hospital-vs-pop.txt.gz	cisIL6R within 10kb	Weighted median	8	-0.1979133705835843	0.07918341781316121	0.012439344625984079
cisIL6R within 10kb	COVID-hospital-vs-pop.txt.gz	COVID-hospital-vs-pop.txt.gz	cisIL6R within 10kb	Inverse variance weighted	8	-0.2022135838763026	0.08352392300826822	0.01547677300825024
cisIL6R within 10kb	COVID-hospital-vs-pop.txt.gz	COVID-hospital-vs-pop.txt.gz	cisIL6R within 10kb	Simple mode	8	-0.1362793334232162	0.1470638128735681	0.38493498441479745
cisIL6R within 10kb	COVID-hospital-vs-pop.txt.gz	COVID-hospital-vs-pop.txt.gz	cisIL6R within 10kb	Weighted mode	8	-0.20833077164176483	0.07989951642780897	0.035045177369538126
cisIL6R within 10kb	COVID-vsevere-vs-pop.txt.gz	COVID-vsevere-vs-pop.txt.gz	cisIL6R within 10kb	MR Egger	8	-0.715033653997601	0.2984235957568401	0.053583547809695244
cisIL6R within 10kb	COVID-vsevere-vs-pop.txt.gz	COVID-vsevere-vs-pop.txt.gz	cisIL6R within 10kb	Weighted median	8	-0.4211266801991323	0.11997009782049999	4.4766248885553546e-4
cisIL6R within 10kb	COVID-vsevere-vs-pop.txt.gz	COVID-vsevere-vs-pop.txt.gz	cisIL6R within 10kb	Inverse variance weighted	8	-0.4371533458644893	0.11703607264323347	1.875647402804837e-4
cisIL6R within 10kb	COVID-vsevere-vs-pop.txt.gz	COVID-vsevere-vs-pop.txt.gz	cisIL6R within 10kb	Simple mode	8	-0.5173718421318045	0.21761755793279972	0.04906672603553836
cisIL6R within 10kb	COVID-vsevere-vs-pop.txt.gz	COVID-vsevere-vs-pop.txt.gz	cisIL6R within 10kb	Weighted mode	8	-0.423299840383645	0.12368360714721173	0.011098544931096197
cisIL6R within 10kb	Endocarditis.case_regenie	Endocarditis.case_regenie	cisIL6R within 10kb	MR Egger	8	0.49566607958433667	0.9367656013831414	0.6157135818563293
cisIL6R within 10kb	Endocarditis.case_regenie	Endocarditis.case_regenie	cisIL6R within 10kb	Weighted median	8	0.38270380099062573	0.4206176072595784	0.36289551343562104
cisIL6R within 10kb	Endocarditis.case_regenie	Endocarditis.case_regenie	cisIL6R within 10kb	Inverse variance weighted	8	0.13547641252053605	0.3605634934539798	0.7071137329449495
cisIL6R within 10kb	Endocarditis.case_regenie	Endocarditis.case_regenie	cisIL6R within 10kb	Simple mode	8	0.02566208456344743	0.8307665881337658	0.9762198237727
cisIL6R within 10kb	Endocarditis.case_regenie	Endocarditis.case_regenie	cisIL6R within 10kb	Weighted mode	8	0.5129757648842297	0.49466107420212785	0.33421390105708176
cisIL6R within 10kb	finngen_R6_AB1_SEPSIS.gz	finngen_R6_AB1_SEPSIS.gz	cisIL6R within 10kb	MR Egger	8	-0.07679457801171798	0.372021553343748	0.8432854868869513
cisIL6R within 10kb	finngen_R6_AB1_SEPSIS.gz	finngen_R6_AB1_SEPSIS.gz	cisIL6R within 10kb	Weighted median	8	-0.07754391298431601	0.16162503763192412	0.63138624488292
cisIL6R within 10kb	finngen_R6_AB1_SEPSIS.gz	finngen_R6_AB1_SEPSIS.gz	cisIL6R within 10kb	Inverse variance weighted	8	-0.07560124159220305	0.14268203736925356	0.5962102781246459
cisIL6R within 10kb	finngen_R6_AB1_SEPSIS.gz	finngen_R6_AB1_SEPSIS.gz	cisIL6R within 10kb	Simple mode	8	-0.09064705619713487	0.2306343636281048	0.7059896329687355
cisIL6R within 10kb	finngen_R6_AB1_SEPSIS.gz	finngen_R6_AB1_SEPSIS.gz	cisIL6R within 10kb	Weighted mode	8	-0.07532597195660506	0.1663559529185916	0.6643933581088666
cisIL6R within 10kb	finngen_R6_AB1_STREPTO_SEPSIS.gz	finngen_R6_AB1_STREPTO_SEPSIS.gz	cisIL6R within 10kb	MR Egger	8	0.057121359808181976	0.9453545837009746	0.9537809213334576
cisIL6R within 10kb	finngen_R6_AB1_STREPTO_SEPSIS.gz	finngen_R6_AB1_STREPTO_SEPSIS.gz	cisIL6R within 10kb	Weighted median	8	-0.10772092242332117	0.3826607102969397	0.7783230552155274
cisIL6R within 10kb	finngen_R6_AB1_STREPTO_SEPSIS.gz	finngen_R6_AB1_STREPTO_SEPSIS.gz	cisIL6R within 10kb	Inverse variance weighted	8	-0.20949775816184674	0.33860858450554726	0.5361127900677914
cisIL6R within 10kb	finngen_R6_AB1_STREPTO_SEPSIS.gz	finngen_R6_AB1_STREPTO_SEPSIS.gz	cisIL6R within 10kb	Simple mode	8	-0.26483033318621274	0.549546073980489	0.6445736606006227
cisIL6R within 10kb	finngen_R6_AB1_STREPTO_SEPSIS.gz	finngen_R6_AB1_STREPTO_SEPSIS.gz	cisIL6R within 10kb	Weighted mode	8	-0.12081592978648636	0.3655434112809859	0.750686476348109
cisIL6R within 10kb	finngen_R6_APPENDICITIS_BROAD.gz	finngen_R6_APPENDICITIS_BROAD.gz	cisIL6R within 10kb	MR Egger	8	0.3179717437792731	0.33579078294492043	0.38023143963547895
cisIL6R within 10kb	finngen_R6_APPENDICITIS_BROAD.gz	finngen_R6_APPENDICITIS_BROAD.gz	cisIL6R within 10kb	Weighted median	8	0.21043567629008497	0.1067075332133176	0.04860059857850322
cisIL6R within 10kb	finngen_R6_APPENDICITIS_BROAD.gz	finngen_R6_APPENDICITIS_BROAD.gz	cisIL6R within 10kb	Inverse variance weighted	8	0.20610854179498975	0.12044955461221128	0.08705145498797756
cisIL6R within 10kb	finngen_R6_APPENDICITIS_BROAD.gz	finngen_R6_APPENDICITIS_BROAD.gz	cisIL6R within 10kb	Simple mode	8	0.22554707351728887	0.17007030938982537	0.2264067911565149
cisIL6R within 10kb	finngen_R6_APPENDICITIS_BROAD.gz	finngen_R6_APPENDICITIS_BROAD.gz	cisIL6R within 10kb	Weighted mode	8	0.21553294670335976	0.10488609719490574	0.07895448033408421
cisIL6R within 10kb	finngen_R6_I9_ENDOCARD.gz	finngen_R6_I9_ENDOCARD.gz	cisIL6R within 10kb	MR Egger	8	-0.4847136447935315	1.6762667423026187	0.7821882209002752
cisIL6R within 10kb	finngen_R6_I9_ENDOCARD.gz	finngen_R6_I9_ENDOCARD.gz	cisIL6R within 10kb	Weighted median	8	-0.06897349333079034	0.6101736438837853	0.9099995386335763
cisIL6R within 10kb	finngen_R6_I9_ENDOCARD.gz	finngen_R6_I9_ENDOCARD.gz	cisIL6R within 10kb	Inverse variance weighted	8	-0.18157237499821272	0.5974184000802472	0.761182495985335
cisIL6R within 10kb	finngen_R6_I9_ENDOCARD.gz	finngen_R6_I9_ENDOCARD.gz	cisIL6R within 10kb	Simple mode	8	0.03981648673159377	1.0032321521969951	0.9694499237076271
cisIL6R within 10kb	finngen_R6_I9_ENDOCARD.gz	finngen_R6_I9_ENDOCARD.gz	cisIL6R within 10kb	Weighted mode	8	-0.0364636149239157	0.6178443792000216	0.9545876795694406
cisIL6R within 10kb	finngen_R6_J10_ACUTELOWERNAS.gz	finngen_R6_J10_ACUTELOWERNAS.gz	cisIL6R within 10kb	MR Egger	8	-0.8135531850142609	0.601720509179144	0.22509865544001587
cisIL6R within 10kb	finngen_R6_J10_ACUTELOWERNAS.gz	finngen_R6_J10_ACUTELOWERNAS.gz	cisIL6R within 10kb	Weighted median	8	0.034493239648728746	0.27373893095980145	0.8997257526447654
cisIL6R within 10kb	finngen_R6_J10_ACUTELOWERNAS.gz	finngen_R6_J10_ACUTELOWERNAS.gz	cisIL6R within 10kb	Inverse variance weighted	8	0.19078646618124018	0.23048231709737146	0.4078004761755162
cisIL6R within 10kb	finngen_R6_J10_ACUTELOWERNAS.gz	finngen_R6_J10_ACUTELOWERNAS.gz	cisIL6R within 10kb	Simple mode	8	0.05754491730526334	0.5297317890912658	0.9165440678940131
cisIL6R within 10kb	finngen_R6_J10_ACUTELOWERNAS.gz	finngen_R6_J10_ACUTELOWERNAS.gz	cisIL6R within 10kb	Weighted mode	8	-0.002914761805262067	0.29247059355306126	0.9923264959139058
cisIL6R within 10kb	finngen_R6_J10_ACUTEUPPERINFEC.gz	finngen_R6_J10_ACUTEUPPERINFEC.gz	cisIL6R within 10kb	MR Egger	8	0.13585796546540263	0.23096835628181414	0.5778444914801057
cisIL6R within 10kb	finngen_R6_J10_ACUTEUPPERINFEC.gz	finngen_R6_J10_ACUTEUPPERINFEC.gz	cisIL6R within 10kb	Weighted median	8	0.02316783891543326	0.10192079654079478	0.8201809991609526
cisIL6R within 10kb	finngen_R6_J10_ACUTEUPPERINFEC.gz	finngen_R6_J10_ACUTEUPPERINFEC.gz	cisIL6R within 10kb	Inverse variance weighted	8	0.04675495489840973	0.08853733465486435	0.5974425634980485
cisIL6R within 10kb	finngen_R6_J10_ACUTEUPPERINFEC.gz	finngen_R6_J10_ACUTEUPPERINFEC.gz	cisIL6R within 10kb	Simple mode	8	0.07130436310406885	0.15556969203211213	0.6605957345252824
cisIL6R within 10kb	finngen_R6_J10_ACUTEUPPERINFEC.gz	finngen_R6_J10_ACUTEUPPERINFEC.gz	cisIL6R within 10kb	Weighted mode	8	0.026966025661820714	0.10640009085560877	0.8072107116583482
cisIL6R within 10kb	finngen_R6_J10_PNEUMONIA.gz	finngen_R6_J10_PNEUMONIA.gz	cisIL6R within 10kb	MR Egger	8	0.21262410922329655	0.20758466170647832	0.34521461012462473
cisIL6R within 10kb	finngen_R6_J10_PNEUMONIA.gz	finngen_R6_J10_PNEUMONIA.gz	cisIL6R within 10kb	Weighted median	8	0.19973958185631513	0.09305086598414332	0.0318280575234502
cisIL6R within 10kb	finngen_R6_J10_PNEUMONIA.gz	finngen_R6_J10_PNEUMONIA.gz	cisIL6R within 10kb	Inverse variance weighted	8	0.2037929271035971	0.07368989964591952	0.00568273060756571
cisIL6R within 10kb	finngen_R6_J10_PNEUMONIA.gz	finngen_R6_J10_PNEUMONIA.gz	cisIL6R within 10kb	Simple mode	8	0.09936998528270458	0.15352323256282	0.5381008276286716
cisIL6R within 10kb	finngen_R6_J10_PNEUMONIA.gz	finngen_R6_J10_PNEUMONIA.gz	cisIL6R within 10kb	Weighted mode	8	0.22448080677563098	0.09537643979328188	0.050815352281855505
cisIL6R within 10kb	finngen_R6_K11_CHOLECYST.gz	finngen_R6_K11_CHOLECYST.gz	cisIL6R within 10kb	MR Egger	8	0.08625129158548922	0.639020341975485	0.8970463616874413
cisIL6R within 10kb	finngen_R6_K11_CHOLECYST.gz	finngen_R6_K11_CHOLECYST.gz	cisIL6R within 10kb	Weighted median	8	0.12175314551768629	0.2915876273011404	0.6762743250302
cisIL6R within 10kb	finngen_R6_K11_CHOLECYST.gz	finngen_R6_K11_CHOLECYST.gz	cisIL6R within 10kb	Inverse variance weighted	8	0.05757542207817534	0.24522824633790427	0.8143771670685176
cisIL6R within 10kb	finngen_R6_K11_CHOLECYST.gz	finngen_R6_K11_CHOLECYST.gz	cisIL6R within 10kb	Simple mode	8	0.3081488029210875	0.4347428034972579	0.5013611526360222
cisIL6R within 10kb	finngen_R6_K11_CHOLECYST.gz	finngen_R6_K11_CHOLECYST.gz	cisIL6R within 10kb	Weighted mode	8	0.1489657895649148	0.2924052391112611	0.6261003887913799
cisIL6R within 10kb	finngen_R6_L12_CELLULITIS.gz	finngen_R6_L12_CELLULITIS.gz	cisIL6R within 10kb	MR Egger	8	0.21864901566474673	0.5725005468532044	0.715681764780584
cisIL6R within 10kb	finngen_R6_L12_CELLULITIS.gz	finngen_R6_L12_CELLULITIS.gz	cisIL6R within 10kb	Weighted median	8	0.409277902850943	0.23428991264290283	0.08065701515408101
cisIL6R within 10kb	finngen_R6_L12_CELLULITIS.gz	finngen_R6_L12_CELLULITIS.gz	cisIL6R within 10kb	Inverse variance weighted	8	0.2953300831513658	0.2034805543635074	0.1466706890914911
cisIL6R within 10kb	finngen_R6_L12_CELLULITIS.gz	finngen_R6_L12_CELLULITIS.gz	cisIL6R within 10kb	Simple mode	8	0.44218940882410696	0.2979781115921723	0.18138979762672294
cisIL6R within 10kb	finngen_R6_L12_CELLULITIS.gz	finngen_R6_L12_CELLULITIS.gz	cisIL6R within 10kb	Weighted mode	8	0.40117923039493064	0.2116239334119689	0.09983266820523692
cisIL6R within 10kb	finngen_R6_M13_OSTEOMYELITIS.gz	finngen_R6_M13_OSTEOMYELITIS.gz	cisIL6R within 10kb	MR Egger	8	-0.7375465372209975	0.992740183087562	0.485578149067165
cisIL6R within 10kb	finngen_R6_M13_OSTEOMYELITIS.gz	finngen_R6_M13_OSTEOMYELITIS.gz	cisIL6R within 10kb	Weighted median	8	0.2193734429183068	0.46853010106301346	0.6396298976702355
cisIL6R within 10kb	finngen_R6_M13_OSTEOMYELITIS.gz	finngen_R6_M13_OSTEOMYELITIS.gz	cisIL6R within 10kb	Inverse variance weighted	8	0.4617608014924613	0.39944666646802673	0.2476806910104781
cisIL6R within 10kb	finngen_R6_M13_OSTEOMYELITIS.gz	finngen_R6_M13_OSTEOMYELITIS.gz	cisIL6R within 10kb	Simple mode	8	0.38422058425517935	0.8942346369371891	0.6803559250159765
cisIL6R within 10kb	finngen_R6_M13_OSTEOMYELITIS.gz	finngen_R6_M13_OSTEOMYELITIS.gz	cisIL6R within 10kb	Weighted mode	8	0.12269548184976697	0.4620288499856564	0.7982305531853635
cisIL6R within 10kb	finngen_R6_N14_CYSTITIS.gz	finngen_R6_N14_CYSTITIS.gz	cisIL6R within 10kb	MR Egger	8	-0.2722771952042783	0.36558729251173344	0.48455145037367486
cisIL6R within 10kb	finngen_R6_N14_CYSTITIS.gz	finngen_R6_N14_CYSTITIS.gz	cisIL6R within 10kb	Weighted median	8	0.17490001999669932	0.150659746718834	0.24568494441608288
cisIL6R within 10kb	finngen_R6_N14_CYSTITIS.gz	finngen_R6_N14_CYSTITIS.gz	cisIL6R within 10kb	Inverse variance weighted	8	0.21697549843315697	0.15084299392736744	0.15031507334645475
cisIL6R within 10kb	finngen_R6_N14_CYSTITIS.gz	finngen_R6_N14_CYSTITIS.gz	cisIL6R within 10kb	Simple mode	8	0.13840323951149758	0.22402241292491887	0.5562582649259523
cisIL6R within 10kb	finngen_R6_N14_CYSTITIS.gz	finngen_R6_N14_CYSTITIS.gz	cisIL6R within 10kb	Weighted mode	8	0.127583063718689	0.14825242735619817	0.41796736654222466
cisIL6R within 10kb	finngen_R6_SEPTICHE_PNEUMONIA.gz	finngen_R6_SEPTICHE_PNEUMONIA.gz	cisIL6R within 10kb	MR Egger	8	-0.9260656828235553	1.3092036082353091	0.5058805229131991
cisIL6R within 10kb	finngen_R6_SEPTICHE_PNEUMONIA.gz	finngen_R6_SEPTICHE_PNEUMONIA.gz	cisIL6R within 10kb	Weighted median	8	-0.21248693180935746	0.5966219696645103	0.7217282125209755
cisIL6R within 10kb	finngen_R6_SEPTICHE_PNEUMONIA.gz	finngen_R6_SEPTICHE_PNEUMONIA.gz	cisIL6R within 10kb	Inverse variance weighted	8	-0.19175349275698847	0.5026102532323142	0.7028209333878354
cisIL6R within 10kb	finngen_R6_SEPTICHE_PNEUMONIA.gz	finngen_R6_SEPTICHE_PNEUMONIA.gz	cisIL6R within 10kb	Simple mode	8	-0.3932648150214284	0.828013577247654	0.6492839900628966
cisIL6R within 10kb	finngen_R6_SEPTICHE_PNEUMONIA.gz	finngen_R6_SEPTICHE_PNEUMONIA.gz	cisIL6R within 10kb	Weighted mode	8	-0.22669729023422924	0.6020203885098058	0.7176545359169872
cisIL6R within 10kb	GAinS_288.CAP.snptest.stats.gz	GAinS_288.CAP.snptest.stats.gz	cisIL6R within 10kb	MR Egger	6	-0.05525341415459265	4.934878458327035	0.9916028370892083
cisIL6R within 10kb	GAinS_288.CAP.snptest.stats.gz	GAinS_288.CAP.snptest.stats.gz	cisIL6R within 10kb	Weighted median	6	-4.108720468766942	2.085056003637536	0.04877463694009161
cisIL6R within 10kb	GAinS_288.CAP.snptest.stats.gz	GAinS_288.CAP.snptest.stats.gz	cisIL6R within 10kb	Inverse variance weighted	6	-4.8795076664236525	1.880095718749718	0.00944944572754969
cisIL6R within 10kb	GAinS_288.CAP.snptest.stats.gz	GAinS_288.CAP.snptest.stats.gz	cisIL6R within 10kb	Simple mode	6	-3.5223648738209015	3.1460414340387666	0.313757396897928
cisIL6R within 10kb	GAinS_288.CAP.snptest.stats.gz	GAinS_288.CAP.snptest.stats.gz	cisIL6R within 10kb	Weighted mode	6	-4.031033070291471	2.165290724943114	0.12171100122255926
cisIL6R within 10kb	GAinS_288.snptest.stats.gz	GAinS_288.snptest.stats.gz	cisIL6R within 10kb	MR Egger	6	-0.024107389640647188	5.102736336202883	0.9964567132289016
cisIL6R within 10kb	GAinS_288.snptest.stats.gz	GAinS_288.snptest.stats.gz	cisIL6R within 10kb	Weighted median	6	-4.37172884751809	2.1136344958034545	0.038607437204209574
cisIL6R within 10kb	GAinS_288.snptest.stats.gz	GAinS_288.snptest.stats.gz	cisIL6R within 10kb	Inverse variance weighted	6	-5.113939285671924	1.9368827037102139	0.008283419630193252
cisIL6R within 10kb	GAinS_288.snptest.stats.gz	GAinS_288.snptest.stats.gz	cisIL6R within 10kb	Simple mode	6	-3.9579493424846746	3.5258411735960173	0.3126196451751893
cisIL6R within 10kb	GAinS_288.snptest.stats.gz	GAinS_288.snptest.stats.gz	cisIL6R within 10kb	Weighted mode	6	-4.251356987412411	2.4912579181451924	0.14862419763133086
cisIL6R within 10kb	GenOSept.CAP.snptest.stats.gz	GenOSept.CAP.snptest.stats.gz	cisIL6R within 10kb	Inverse variance weighted	2	-1.6512719403369924	1.4385425613431686	0.25101876434142845
cisIL6R within 10kb	GenOSept.snptest.stats.gz	GenOSept.snptest.stats.gz	cisIL6R within 10kb	Inverse variance weighted	2	-0.49560021291062345	1.0418569396244326	0.6342957350145271
cisIL6R within 10kb	LRTI.case_regenie	LRTI.case_regenie	cisIL6R within 10kb	MR Egger	8	0.18975219415531558	0.26121552871645803	0.49493223682753895
cisIL6R within 10kb	LRTI.case_regenie	LRTI.case_regenie	cisIL6R within 10kb	Weighted median	8	-0.09226364358244621	0.1257243328131437	0.4630360813615039
cisIL6R within 10kb	LRTI.case_regenie	LRTI.case_regenie	cisIL6R within 10kb	Inverse variance weighted	8	-0.07101525041674717	0.10168488635137303	0.4849361405688448
cisIL6R within 10kb	LRTI.case_regenie	LRTI.case_regenie	cisIL6R within 10kb	Simple mode	8	-0.3763780132095581	0.24665516104925997	0.17086020063057675
cisIL6R within 10kb	LRTI.case_regenie	LRTI.case_regenie	cisIL6R within 10kb	Weighted mode	8	0.0903852511881913	0.13521868714492738	0.5252754014033345
cisIL6R within 10kb	LRTI.crit_regenie	LRTI.crit_regenie	cisIL6R within 10kb	MR Egger	8	-0.0717737080175265	1.3836464482591044	0.9603138701767651
cisIL6R within 10kb	LRTI.crit_regenie	LRTI.crit_regenie	cisIL6R within 10kb	Weighted median	8	-0.5981079417465709	0.5662310631026881	0.29083273289429085
cisIL6R within 10kb	LRTI.crit_regenie	LRTI.crit_regenie	cisIL6R within 10kb	Inverse variance weighted	8	-0.8429696272654797	0.5138475071965262	0.10090011976911818
cisIL6R within 10kb	LRTI.crit_regenie	LRTI.crit_regenie	cisIL6R within 10kb	Simple mode	8	-1.8593474461487887	1.0765948505345155	0.12779561570423828
cisIL6R within 10kb	LRTI.crit_regenie	LRTI.crit_regenie	cisIL6R within 10kb	Weighted mode	8	-0.34218127216654537	0.5779704842174875	0.5724419410741222
cisIL6R within 10kb	Osteomyelitis.case_regenie	Osteomyelitis.case_regenie	cisIL6R within 10kb	MR Egger	8	0.3681506509717855	0.5219769882529149	0.5070669440751298
cisIL6R within 10kb	Osteomyelitis.case_regenie	Osteomyelitis.case_regenie	cisIL6R within 10kb	Weighted median	8	0.1627239099187992	0.196356797425723	0.407265446401227
cisIL6R within 10kb	Osteomyelitis.case_regenie	Osteomyelitis.case_regenie	cisIL6R within 10kb	Inverse variance weighted	8	0.12326677723429401	0.19216289053049804	0.5212172043667128
cisIL6R within 10kb	Osteomyelitis.case_regenie	Osteomyelitis.case_regenie	cisIL6R within 10kb	Simple mode	8	0.19709323286436664	0.31626595867699053	0.5529153488449263
cisIL6R within 10kb	Osteomyelitis.case_regenie	Osteomyelitis.case_regenie	cisIL6R within 10kb	Weighted mode	8	0.18026266331343876	0.1971201485924195	0.3908758460393504
cisIL6R within 10kb	Pneumonia.case_regenie	Pneumonia.case_regenie	cisIL6R within 10kb	MR Egger	8	0.2939264439458695	0.23886762271679143	0.264559155917553
cisIL6R within 10kb	Pneumonia.case_regenie	Pneumonia.case_regenie	cisIL6R within 10kb	Weighted median	8	0.003236034007370034	0.10233706389365771	0.9747740334914154
cisIL6R within 10kb	Pneumonia.case_regenie	Pneumonia.case_regenie	cisIL6R within 10kb	Inverse variance weighted	8	-0.03513529488439771	0.10087885651359918	0.72762092961245906
cisIL6R within 10kb	Pneumonia.case_regenie	Pneumonia.case_regenie	cisIL6R within 10kb	Simple mode	8	-0.3772011788845818	0.27486507479428685	0.21232101490150287
cisIL6R within 10kb	Pneumonia.case_regenie	Pneumonia.case_regenie	cisIL6R within 10kb	Weighted mode	8	0.08513478031531796	0.10178208821968586	0.430531016296576
cisIL6R within 10kb	Pneumonia.crit_dead_regenie	Pneumonia.crit_dead_regenie	cisIL6R within 10kb	MR Egger	8	0.16214264159513908	1.313182402763513	0.9057648540509979
cisIL6R within 10kb	Pneumonia.crit_dead_regenie	Pneumonia.crit_dead_regenie	cisIL6R within 10kb	Weighted median	8	-0.5928819031960691	0.5787644283813469	0.30564995278298945
cisIL6R within 10kb	Pneumonia.crit_dead_regenie	Pneumonia.crit_dead_regenie	cisIL6R within 10kb	Inverse variance weighted	8	-0.7188156506060702	0.5108233843470822	0.15937680591222772
cisIL6R within 10kb	Pneumonia.crit_dead_regenie	Pneumonia.crit_dead_regenie	cisIL6R within 10kb	Simple mode	8	-0.6362631586528522	0.8768789910805757	0.49162434877851935
cisIL6R within 10kb	Pneumonia.crit_dead_regenie	Pneumonia.crit_dead_regenie	cisIL6R within 10kb	Weighted mode	8	-0.600007299205517	0.5874351393202137	0.34106014672323837
cisIL6R within 10kb	Pneumonia.crit_regenie	Pneumonia.crit_regenie	cisIL6R within 10kb	MR Egger	8	-0.004848701968749087	0.583196200171573	0.9936359934991252
cisIL6R within 10kb	Pneumonia.crit_regenie	Pneumonia.crit_regenie	cisIL6R within 10kb	Weighted median	8	-0.1982252179856117	0.25615116265661214	0.439013403237162
cisIL6R within 10kb	Pneumonia.crit_regenie	Pneumonia.crit_regenie	cisIL6R within 10kb	Inverse variance weighted	8	-0.3276445245447919	0.22699132383575676	0.14890131549273733
cisIL6R within 10kb	Pneumonia.crit_regenie	Pneumonia.crit_regenie	cisIL6R within 10kb	Simple mode	8	-0.7076373691750546	0.43215626534603757	0.145546462965602
cisIL6R within 10kb	Pneumonia.crit_regenie	Pneumonia.crit_regenie	cisIL6R within 10kb	Weighted mode	8	-0.22334454783513813	0.2749025662716074	0.4432823574434692
cisIL6R within 10kb	Sepsis.case_regenie	Sepsis.case_regenie	cisIL6R within 10kb	MR Egger	8	-0.06950099738978038	0.345118714945756	0.847052951345497
cisIL6R within 10kb	Sepsis.case_regenie	Sepsis.case_regenie	cisIL6R within 10kb	Weighted median	8	-0.2234081958848702	0.12457293907658266	0.07291015873317128
cisIL6R within 10kb	Sepsis.case_regenie	Sepsis.case_regenie	cisIL6R within 10kb	Inverse variance weighted	8	-0.25110769114239456	0.1277449012700945	0.049333692194677724
cisIL6R within 10kb	Sepsis.case_regenie	Sepsis.case_regenie	cisIL6R within 10kb	Simple mode	8	-0.7097142519663358	0.29978902844892347	0.04979781221945683
cisIL6R within 10kb	Sepsis.case_regenie	Sepsis.case_regenie	cisIL6R within 10kb	Weighted mode	8	-0.2238447436374824	0.1323324551565019	0.1345745389396346
cisIL6R within 10kb	Sepsis.crit_dead_regenie	Sepsis.crit_dead_regenie	cisIL6R within 10kb	MR Egger	8	-0.442185902609979	1.922596293782629	0.8257369003817117
cisIL6R within 10kb	Sepsis.crit_dead_regenie	Sepsis.crit_dead_regenie	cisIL6R within 10kb	Weighted median	8	-1.1241537899688276	0.7566711891213496	0.13736989044225606
cisIL6R within 10kb	Sepsis.crit_dead_regenie	Sepsis.crit_dead_regenie	cisIL6R within 10kb	Inverse variance weighted	8	-1.4173352059201911	0.709255812915792	0.045679667395955005
cisIL6R within 10kb	Sepsis.crit_dead_regenie	Sepsis.crit_dead_regenie	cisIL6R within 10kb	Simple mode	8	-1.3674859913965012	1.4085699703261174	0.36397368128800345
cisIL6R within 10kb	Sepsis.crit_dead_regenie	Sepsis.crit_dead_regenie	cisIL6R within 10kb	Weighted mode	8	-0.9494891298689438	0.7656575897468662	0.25489383054808507
cisIL6R within 10kb	Sepsis.crit_regenie	Sepsis.crit_regenie	cisIL6R within 10kb	MR Egger	8	-0.5329130144918003	0.8223336375993803	0.5409433272400412
cisIL6R within 10kb	Sepsis.crit_regenie	Sepsis.crit_regenie	cisIL6R within 10kb	Weighted median	8	-0.7464743372827299	0.36526816283015173	0.04098974470161172
cisIL6R within 10kb	Sepsis.crit_regenie	Sepsis.crit_regenie	cisIL6R within 10kb	Inverse variance weighted	8	-0.9458987655124689	0.32005440671151536	0.003122323705642654
cisIL6R within 10kb	Sepsis.crit_regenie	Sepsis.crit_regenie	cisIL6R within 10kb	Simple mode	8	-0.9202637915222498	0.6842165450748461	0.22057131517080897
cisIL6R within 10kb	Sepsis.crit_regenie	Sepsis.crit_regenie	cisIL6R within 10kb	Weighted mode	8	-0.7597523091445844	0.35166127898023614	0.06756141284084484
cisIL6R within 10kb	Sepsis.dead_regenie	Sepsis.dead_regenie	cisIL6R within 10kb	MR Egger	8	-0.49445580063298844	0.8803913366198276	0.5947075418176031
cisIL6R within 10kb	Sepsis.dead_regenie	Sepsis.dead_regenie	cisIL6R within 10kb	Weighted median	8	-0.32403005547692104	0.31589128949361733	0.30500262578156917
cisIL6R within 10kb	Sepsis.dead_regenie	Sepsis.dead_regenie	cisIL6R within 10kb	Inverse variance weighted	8	-0.4140971429897944	0.31764613219524296	0.19235534703963736
cisIL6R within 10kb	Sepsis.dead_regenie	Sepsis.dead_regenie	cisIL6R within 10kb	Simple mode	8	-0.18754017188020988	0.5680640911359077	0.7509552743167688
cisIL6R within 10kb	Sepsis.dead_regenie	Sepsis.dead_regenie	cisIL6R within 10kb	Weighted mode	8	-0.27360325289077014	0.30995915447185834	0.4066846966597702
cisIL6R within 10kb	URTI.case_regenie	URTI.case_regenie	cisIL6R within 10kb	MR Egger	8	-0.31622057988180685	0.584801546486538	0.6081660159995756
cisIL6R within 10kb	URTI.case_regenie	URTI.case_regenie	cisIL6R within 10kb	Weighted median	8	0.22805274054463703	0.2619123528145219	0.38390618655332553
cisIL6R within 10kb	URTI.case_regenie	URTI.case_regenie	cisIL6R within 10kb	Inverse variance weighted	8	0.3222306407787366	0.22909906226896648	0.15957206543044072
cisIL6R within 10kb	URTI.case_regenie	URTI.case_regenie	cisIL6R within 10kb	Simple mode	8	-0.0503226935196075	0.46716853403045405	0.9172414551901045
cisIL6R within 10kb	URTI.case_regenie	URTI.case_regenie	cisIL6R within 10kb	Weighted mode	8	0.21174669055805628	0.24958320629411596	0.4242729123210265
cisIL6R within 10kb	UTI.case_regenie	UTI.case_regenie	cisIL6R within 10kb	MR Egger	8	0.13674178904247053	0.21122258298804647	0.5413464638165406
cisIL6R within 10kb	UTI.case_regenie	UTI.case_regenie	cisIL6R within 10kb	Weighted median	8	0.1563467994417609	0.09469488219982679	0.09872661020210183
cisIL6R within 10kb	UTI.case_regenie	UTI.case_regenie	cisIL6R within 10kb	Inverse variance weighted	8	0.20519505809064978	0.08223290745426902	0.012585376659971044
cisIL6R within 10kb	UTI.case_regenie	UTI.case_regenie	cisIL6R within 10kb	Simple mode	8	0.19321493219814945	0.15032743376597252	0.2395774517416035
cisIL6R within 10kb	UTI.case_regenie	UTI.case_regenie	cisIL6R within 10kb	Weighted mode	8	0.1662364385316023	0.09590631712831407	0.12663573965933494
